y_true,y_pred
11.996000000000002,11.320334206032964
1.132,1.5043647142733574
2.271,3.0128157435211107
7.721999999999999,7.068733865858059
4.588000000000001,3.8829100266071244
4.079,7.189600797464976
9.766000000000002,8.575406675959652
4.625,4.513279017264278
1.041,1.7067638261091005
2.9320000000000004,2.5984896191105413
4.849,5.156514472791575
2.458,6.156787445844337
12.603000000000002,11.739494629763472
13.463,12.697829774109762
7.626,8.409066244860544
3.839,4.079176961978761
10.687,12.936430203568415
12.137999999999998,10.572353958034885
1.045,1.8377579256122476
2.6600000000000006,2.1073415363282635
7.056000000000002,7.015730944964944
6.226999999999999,6.956091735039386
5.625000000000001,6.0389741751037525
6.252000000000001,6.198054313959436
4.542,3.276925170613595
6.96,8.195451088735295
4.747,4.618524779346033
2.6800000000000006,3.9156089459811785
8.626,9.365588812460489
5.407,4.779371429406606
5.704000000000001,5.654750172286245
1.823,2.574708418896445
3.307,3.657072745185447
4.08,6.87774995471991
4.311,4.458500604049338
10.714,11.134014701078247
5.266,4.462664045673515
0.306,0.2563258149613954
4.197,4.941955807105386
3.3450000000000006,2.8997318090243898
2.829,9.22928217486764
7.6400000000000015,8.221140032680259
3.697,6.349831791763005
1.62,2.0614466538547966
1.835,1.874810490345425
0.074,0.24411040802845907
1.735,1.46376936209501
0.558,1.0808262980048857
2.035,1.2549834946192562
3.378000000000001,2.433315222015439
10.561,6.668331089652985
12.371000000000002,9.670026034430851
1.83,1.7466941679308596
3.817,5.854105162949139
7.333000000000001,7.672389983262809
3.379,3.928530061768921
7.813000000000001,8.204543527248298
0.949,0.9397699208726783
7.3690000000000015,9.337740526247625
4.484,8.017812336667511
18.658,26.080803063466497
12.212000000000002,8.291566006455783
4.414000000000001,5.177198052573779
13.051000000000002,12.543723996972926
1.056,1.216963874568123
0.945,1.1139025519097483
12.813,9.495401049268478
17.218,14.889606384754694
3.1180000000000003,2.737304019104067
7.636,8.18460985594893
6.705,5.639604923258816
12.255000000000004,9.597108137710972
8.399999999999999,8.465454475351047
9.249,9.424656116721067
1.428,1.509267879657782
2.082,2.170029551568975
4.683,4.891916980212554
4.726999999999999,4.610490024538512
6.290000000000001,6.104947236471985
1.5019999999999998,1.2783979874274456
6.487,9.900410758192356
5.736,8.348722019990127
22.47,20.214273604675885
3.844,3.8849982733537143
4.500000000000001,7.0432429247112145
6.051,8.727884064927753
4.166,5.0518552076366765
5.086,4.567594169802201
20.182,20.218816182152494
0.5170000000000001,1.2760025732225444
7.536,7.016463092946087
7.14,7.710986387468897
12.409,12.23266241827851
9.704,9.834396448869034
1.745,2.278058752172857
14.138,12.745356489667026
5.48,6.408196226557447
3.567,4.699204095890235
4.722,4.679411722415678
22.992,26.395384631605367
3.706,5.860479472301677
14.374000000000004,9.252384609221483
3.21,4.500461543601017
15.594,11.729494634174289
3.9580000000000006,4.4967073574579794
8.183,8.17593597100156
2.843,3.0587852863232676
21.596,23.16633270157224
4.7010000000000005,4.3591506804360876
2.042,2.2069785732273397
0.934,1.066705349751985
15.454999999999998,16.20835933454425
2.891,2.6486610781900417
1.372,2.0467648722462117
3.195,2.6146333441082823
3.735,2.944348076337564
1.4350000000000005,2.1234781044481785
7.878,13.177925718082324
11.390000000000002,9.328057872139084
7.694,8.825451284645865
8.524000000000001,8.14915630617785
1.724,2.3743222458889908
7.855000000000001,6.130673506936213
2.248,2.0709994337650897
6.580000000000002,7.108926297187008
5.744000000000001,5.63181935230218
8.893,8.8565464455419
6.409000000000002,8.489484827953987
3.0820000000000003,3.1588380609079736
7.102,7.87180595025001
1.461,2.2466069112208
2.657,3.313366776501853
14.927,11.759768511454395
6.289000000000001,5.603482013969558
3.5650000000000004,3.381575228091673
1.133,1.9174745752002025
11.975000000000003,9.360602821897183
2.705,2.902058047591011
9.696000000000002,12.175050051216493
2.845,8.04650732762301
4.63,3.469936993902806
6.441,7.64047504991804
0.4539999999999999,1.1650042341015372
0.976,1.199312446958345
14.146,11.51187750776386
3.1930000000000005,3.1489113443441554
5.138,5.0376125510515
9.725,8.332286711493797
2.587,5.181060735277944
0.585,1.51390174877236
13.279,12.24377709079798
0.56,0.915435549358994
4.408,4.912121516486068
3.3950000000000005,3.5900744731973777
2.5610000000000004,2.9586365770610796
4.045,4.904145799418966
4.873,4.279170183806414
7.781000000000001,6.004208749758193
17.064000000000004,18.055940471094292
7.436000000000001,7.417429137866642
1.41,3.1140262252803708
3.982,6.857794235605692
16.294000000000004,16.086155047903045
7.931000000000001,8.13662728172206
2.693,2.698583151984559
2.71,3.7254278522057747
4.319,4.462395407160681
4.561999999999999,5.029064927375106
3.683,3.4738869020018366
10.339,10.464723335124566
7.207000000000001,8.52460059478931
1.164,2.035519519259181
5.176,4.9436380255901495
2.999,1.5217184358009164
3.483,2.823173953650608
0.8720000000000001,0.9463154420229972
4.857,4.577377929968441
8.777999999999999,7.925979314477198
1.3130000000000002,1.1906262850908744
11.671,12.281874556565715
1.308,1.3599160668156498
13.851000000000004,14.803768235923988
7.151,8.859777336267536
4.974,5.140256623991927
4.28,4.2537377563272285
21.138,17.137247863021777
3.4430000000000005,6.068154415982016
6.0840000000000005,6.494860169628693
4.889,4.40177774083516
13.618,10.865749927495461
8.626,8.80836597540011
3.8570000000000007,3.0675875003887993
4.254,5.588211306560436
3.4880000000000004,3.235439160162033
7.769,7.3846004635707985
11.28,12.36452578228879
9.323,8.566314131574739
4.123,6.921194025789272
0.8089999999999999,0.907150594823338
4.564,5.1528287236188115
1.2769999999999997,1.1372227571408637
3.297,3.1584739660474708
18.909,13.116640213715746
4.583,4.759704432593928
6.050999999999999,6.4028055181786225
7.728000000000001,9.560084051692488
7.550000000000002,5.877569388116813
2.579,7.350598773110661
11.25,9.297993943841952
1.198,1.1843887784228133
6.765000000000001,7.746153813234027
6.855,7.9609693705111395
4.949,5.193422749102602
1.1749999999999998,1.0329919071500424
4.212000000000001,4.285409636867808
0.9269999999999998,1.5736720166024085
2.463,2.9622665304986886
2.75,2.4260868880932587
5.273,7.841406499142144
3.0090000000000003,3.643651240012139
2.321,3.565292213118763
11.046,12.057318020113076
12.874,9.85805715937552
3.1940000000000004,2.6518689600946654
0.95,0.9571702856311903
25.125000000000004,12.709457804055058
8.604,8.452385083569789
2.366,3.1144304410040444
10.322,12.265616985553892
5.235,6.997030165229973
1.56,2.058008241156384
2.8600000000000003,2.9622665304986886
4.640999999999999,5.1247572903285
0.184,0.24779084740117785
9.567,9.074600266919097
2.7820000000000005,5.36878583518534
5.082999999999999,5.6527594594618815
4.626,2.5462538005090987
4.372,3.44211860290408
8.229000000000001,7.330053904524119
0.662,1.059341184243284
4.409000000000001,4.610490024538512
11.245,11.780257539586536
4.218,6.002764829479185
13.673000000000002,17.36661068371256
2.237,2.152989895062561
7.7040000000000015,7.189006612596757
4.152000000000001,5.275245850882377
5.178000000000001,3.0128157435211107
0.6610000000000001,0.9299833813781062
5.908,6.372623996275404
3.69,8.662410792385371
4.822000000000001,5.639749395787143
9.312,8.839003586262713
14.189,10.27017715804725
6.859,6.988178440435387
7.685000000000002,8.230635677789392
4.339,4.66250526420141
1.007,1.0405081563457899
5.281,6.32477674458816
1.954,5.053064739415503
8.696000000000002,8.507348901296059
9.368,9.5221054683927
11.358,12.249331046679643
5.34,4.577386508384915
5.444999999999999,8.065618509420045
6.652,5.84843622049511
26.138000000000005,15.907771704543322
1.072,0.9804945271852439
12.613,11.07812600448171
34.081,24.84722897805713
5.514,8.527081805147546
12.014000000000005,11.10542128495023
3.779,3.3163169272021507
3.867,4.571640196738569
0.502,1.0241520677926848
6.464,4.89265896717997
6.333,7.282965200759564
26.523,16.858304285650473
7.626000000000001,7.354430641668577
6.804000000000001,7.618635019783709
6.658999999999999,5.914288819147783
4.745,4.981042709735342
4.738,2.9094973080569986
8.431000000000001,7.886121827547881
0.6460000000000001,1.0543808691462366
10.932,12.714444391111824
1.6740000000000002,1.374889791292493
4.266,5.491202320919231
3.6220000000000008,3.82983323696717
11.923000000000002,8.549284757826733
2.999,5.241150521446979
4.002,3.982803829020745
16.953,16.21133455663702
4.749,4.6412002652704665
3.4550000000000005,3.405573226628198
1.734,1.4125881572051318
10.420000000000002,9.434773821895174
1.235,1.156578928606563
9.935000000000002,8.223442796317785
14.168000000000005,15.4499014248249
12.283000000000005,12.1928277248851
4.71,4.582840776037654
0.8539999999999999,0.9469065762807679
3.401,3.2071293516815187
1.296,1.1624490860471368
13.412,14.638650430730218
5.747000000000001,5.130149217355681
2.085,3.0014684718998397
2.559,2.6176984505641965
7.568000000000001,6.125225432089637
7.717,8.823725812746012
3.625,2.8729506612637077
2.457,2.8093051449113426
10.777,9.376538206831993
2.7059999999999995,4.7447172869086565
12.441000000000004,12.161784654442396
9.448,7.901561229038268
2.41,3.82983323696717
3.047,4.755784124285745
2.7790000000000004,3.6529004645811973
4.309,3.6001190571438526
7.357000000000001,8.116040257845743
6.579000000000001,7.722079285649228
2.691,2.9631768370146596
4.769,6.358090332596651
1.861,2.028346308299207
8.319,8.819128962404449
4.885,4.985998145848942
2.769,3.341697308324173
2.781,2.4584340647418386
1.821,3.366401429617936
2.9210000000000003,3.0474899840588576
30.24900000000001,18.902542070187746
5.153000000000001,7.299743963429461
7.454000000000001,8.426170402532598
5.264,8.843842068043077
4.425,4.538866619137421
0.986,1.1175887482301112
3.98,4.187101316018997
3.2030000000000007,3.048625558444786
4.787000000000001,4.287504343959889
2.049,1.2094014653797707
5.758000000000001,7.641472588025856
6.151000000000001,9.081899048404594
16.471,19.9220795752875
3.3520000000000003,6.613120864301884
10.401,8.782952589832062
5.619000000000001,3.276925170613595
2.494,2.5462538005090987
7.059,8.787535090304063
9.198,8.45944383883159
5.264,6.538705464788073
4.656,4.210540691434511
12.256,13.043856252611272
9.707,11.331624873975843
4.8340000000000005,4.752177773732212
5.882,6.949749736416951
11.894000000000002,9.952408541595165
2.498,2.9513945516146527
4.533000000000001,8.060736991010389
4.808,3.5184307664259653
6.273000000000001,6.874587051657549
2.357,4.711250495992323
2.26,2.1234781044481785
2.865,2.886659562063519
1.798,3.014286232258773
10.577000000000002,13.188754311783963
4.775,6.428382424154495
9.484,7.6899036350730015
3.804,5.506777883551737
1.195,1.0329919071500424
6.106000000000001,6.964320479450829
0.8019999999999999,1.0338364130239868
14.411000000000003,12.283676822955977
16.461000000000002,13.516802917470145
7.898,7.2950424435925845
1.0719999999999998,1.097981788643831
8.903,7.574377653088209
14.365,17.896651905521868
6.314,5.041984717995328
5.073,5.291768196665469
1.942,3.5184307664259653
5.683,6.789287399727173
4.497999999999999,3.609330357067247
4.571000000000001,5.362787494772764
7.787000000000001,7.784138452846484
2.994999999999999,3.2373216927841497
4.7170000000000005,5.015855902296442
5.956,4.023196718936511
6.995000000000001,7.651232298296651
2.326,3.218725818979067
20.455,16.505349546401117
2.145,1.996572142169054
5.231,4.361830184011308
2.864,2.4508077728026443
7.142,4.552807958569022
0.83,2.742948299788503
3.235,4.170824630200514
5.903,5.905156558814932
4.275000000000001,4.1720813535485695
4.882000000000001,3.113519674426344
1.788,2.403765820615463
8.133000000000001,7.008797767804705
2.568,2.8158485695523545
4.954999999999999,6.780001809257637
1.329,1.4221303489120336
15.512,12.389170017903258
10.67,9.456466599046387
5.323,5.78830221740179
3.5090000000000003,3.5957971670601294
3.385,3.082539175408579
6.8660000000000005,7.279494754066664
0.438,0.7450479732244355
0.6160000000000001,0.9684151179820318
6.556,8.53138523009067
15.139,14.037094447406213
2.803,3.276925170613595
9.788,8.678465469711059
4.766000000000001,5.895518545895637
12.737000000000002,13.301814782498226
3.132,3.153767771037108
6.851000000000001,6.439122219367365
6.107000000000001,5.847360783433498
4.242000000000001,3.626198453091339
6.384000000000001,6.200295081250377
4.2170000000000005,8.501166998229822
6.114,5.12654194915074
6.191,6.31834539028372
3.0460000000000003,4.280460893168977
3.715,4.522385047890449
12.216,9.1641803754768
1.5489999999999997,2.0611809425954806
4.882000000000001,6.030180152307296
4.742000000000001,4.664013522011516
5.598,5.69856704557558
4.574,7.342187374599079
2.655,2.6993516027390982
8.792,8.155210645609309
1.983,3.1778639495652454
6.639000000000001,7.543800436354713
4.748,5.291571394584006
9.872,9.124547856058898
5.987,6.791198338345969
0.988,1.0173604604591713
7.498000000000001,8.268707566411004
1.2879999999999998,1.5333763434724204
2.122,2.4459233896476515
10.711,8.676466008204084
5.091,4.610572886049816
7.666000000000001,7.934734892326377
10.645,11.647797516178436
2.97,2.660360596776493
7.073000000000002,10.001225329431358
1.1,1.1217534344898121
2.815,2.9622665304986886
1.934,2.2026542031021883
3.219,2.6146333441082823
11.051,12.203538592562172
8.843,8.536190584726139
13.961999999999998,13.913738415018692
10.86,9.74493210787508
24.437,19.229902425017908
7.1240000000000006,7.17376493247915
17.568000000000005,18.618276919193097
4.173000000000001,4.202095266535218
0.655,1.2669159409830155
3.237,4.647413685192012
2.227,2.7115319878016333
10.611,8.815759308172506
0.842,2.023694462751363
7.779,6.211746220561398
3.971,4.897579751461893
9.411,8.758439463768504
6.396,6.512060654523338
0.86,0.9900070188663491
6.9460000000000015,6.651496279764488
10.479,9.043901340441902
4.2330000000000005,6.600675905239136
0.937,1.1416340238022291
8.428000000000003,11.619205228234556
5.965000000000001,6.641303510933568
12.556,12.596864616317413
10.972,10.487306005275109
5.238,6.262456315539388
2.364,2.6473427820011306
0.901,5.24522861912698
3.686,4.277524465286014
4.739000000000001,6.825129119118461
5.5680000000000005,7.167219839612477
2.707,4.130861572525038
3.13,2.9094973080569986
0.617,0.9627485785914707
10.954,8.550696208367036
3.088,2.3586471426933504
2.9610000000000003,3.1633904556328782
3.443,4.171025278868032
1.6880000000000004,1.8687450002762993
4.805,7.032401556926619
11.851,14.31988729146402
2.418,3.3153635865923023
9.890999999999998,10.574239382048047
5.804,4.944566567277459
5.238,4.853573341745836
4.065,6.2196078929591785
13.272000000000002,11.826013466826712
3.3320000000000007,3.9467602377572644
5.45,5.56245815874992
0.911,1.0290494736107592
10.456000000000005,8.986039540683961
5.824,6.1681752976694915
5.385,4.955789049126613
3.1810000000000005,8.394000784847783
6.47,7.272002403093202
2.4160000000000004,2.9293976957560734
7.556,9.310644846510979
3.955,5.117148217218413
1.04,1.1973195736605475
3.741,3.737301162876401
3.641,5.008706244392691
6.151,5.57873025817936
18.355,12.9813574329172
2.494,4.061769711583974
5.514000000000001,4.747115146227186
5.510999999999999,5.506414772787079
13.274,13.905388621510701
9.564000000000002,7.972709119630569
20.136000000000003,23.943727220063366
8.058000000000002,8.144248835504534
3.756,4.65412811825373
3.793,3.968415830863366
13.398,12.413316899083446
4.128,4.341978354918064
1.8210000000000004,2.348207198845021
9.958,10.38485438132339
4.518000000000001,9.029634157054936
10.971,10.349867915491584
2.548,3.018590894235986
7.026000000000002,7.459327902306005
1.115,1.8748741097757127
6.464000000000001,8.73477176131169
11.356,9.462925233453177
9.183,8.488238852637917
5.525,3.5184307664259653
17.618000000000002,10.291241319516846
2.8230000000000004,2.8582840408630177
16.944000000000003,16.744082711215977
5.438,3.4715053305230485
0.916,0.9326493214188868
6.712,6.846337342415728
5.470000000000001,3.4667985244552337
6.614999999999998,7.811303482899464
5.912000000000001,5.249093166235459
1.52,1.4219580226324269
6.049,6.156941100474329
5.373,5.568673042266722
4.62,6.817255841614168
4.88,3.276925170613595
7.223000000000001,5.784517825336537
13.299,13.415543866496858
4.361,3.50757940231175
13.046,11.470876927035254
4.959,6.598772823944103
0.5860000000000002,1.6518479007001234
7.067000000000001,7.563154966825348
13.983,14.433549466331142
6.885000000000001,6.7459731344016935
4.391,4.804950449214451
2.979,2.6462682262867516
3.189,3.4131114549871455
8.356,7.626286665247075
13.558,7.777623391761487
4.161,6.864754581792751
3.1080000000000005,3.273037080602885
9.403,8.849377742147539
6.65,7.3883663155211385
10.25,9.334736761962379
5.702,7.668446396271146
6.674,7.471807391648297
4.607000000000001,4.275013228159595
6.804999999999999,6.636562985043672
12.493,11.814620004506692
9.947,13.228826454515213
10.183,11.891615282307507
3.894000000000001,4.628268707611152
4.4,4.04859888816595
1.475,1.3553138281581696
1.005,1.3528021486509711
6.474000000000001,4.953741871959947
11.650000000000002,12.017249117347726
3.031,6.294716707045227
0.9360000000000004,0.9244508126981947
2.5280000000000005,2.687617411411523
2.2890000000000006,7.2957321332571965
6.960000000000001,10.86833402953691
3.632000000000001,4.606429362056508
9.698,8.200009185054794
2.531,2.193409305800976
5.702,8.750518779393044
7.598000000000002,7.146839063396581
6.080000000000001,5.131859372716292
4.166,4.8005383480138315
1.16,1.0137078393605068
5.786,7.772632493650931
13.085,12.662100341455387
0.942,1.0003575204154767
8.14,7.251212549080069
4.327000000000001,4.672492541758099
2.0100000000000007,2.2809257550718987
0.5980000000000001,2.447830467840062
3.4670000000000005,4.144194076887717
0.769,2.430948362086168
3.992,6.0212916521766395
1.586,1.504962929107582
10.803,12.070511236908372
11.999,11.60210385656879
12.109,10.983643288124108
6.8950000000000005,6.837114768022264
1.61,1.6602651710331489
10.125,12.576570552200238
9.9,9.172597566623768
0.899,1.0361798927304413
0.6229999999999999,1.0310405409682477
3.705,4.61609911182456
3.317,6.521217449944223
6.053000000000001,5.891406191737018
6.068999999999999,6.975264124555049
1.754,1.415527490227214
6.371999999999999,7.558236299069698
8.666,7.573231561050956
3.207,2.9067280504399964
4.632,4.3157422691491645
4.928999999999999,3.2184315644299666
2.946,3.0128157435211107
4.816000000000001,5.378693788532985
6.820000000000001,5.447613226158904
3.3039999999999994,4.930767133835914
2.861,2.7482422948298586
7.006,6.331993991503452
7.725000000000001,8.47540843569852
5.818,5.926548493762053
2.783,2.8362561373374575
17.948000000000004,16.878429835098068
21.925000000000004,19.042357272514703
11.106000000000002,10.95524670790009
5.487,5.997032125041159
4.564,6.422685851871287
0.8899999999999999,1.089145373813456
5.453999999999999,6.395385813051844
2.9930000000000003,1.8432623497539986
15.125000000000002,9.14546773971904
4.694,5.286037922731737
9.991,9.426112888199693
4.797,4.562624447928596
19.378,15.743323673096052
4.43,5.164248820708937
31.358000000000004,27.18161771016909
6.563000000000001,7.197710402690735
2.4440000000000004,3.0093231095568966
3.129,3.304136306235767
9.738,8.519855151721975
12.275,10.882026397540404
3.253000000000001,4.29030330012281
4.884,6.8083382400708015
2.66,2.8785711254308786
2.7299999999999995,2.6785892853602804
5.090000000000002,5.586304098502594
5.097,4.495480854337761
8.626999999999999,8.208988041267277
19.517,18.766479717315026
10.98,6.92427292220242
10.717,10.684015205812997
15.64,17.13847638622086
4.396999999999999,9.20246906927188
3.3520000000000003,3.3324874645125324
3.039,2.5700952540483764
0.91,1.251119841098423
15.365000000000002,11.238885115029168
19.365,12.323229993361174
15.483,9.404288859268537
6.875000000000002,7.377113726633338
2.065,3.690273907239535
4.825000000000001,5.906829771528736
4.1160000000000005,5.869204976098359
1.955,2.795657009714268
13.999000000000002,11.671038289641874
10.226,5.547918893557575
8.888,8.666999905399331
2.073,2.1038493290999667
4.051,4.562624447928596
5.365,7.159454017607369
3.393,3.1064786966380837
7.099,8.007913309311629
5.447,6.8710275065596935
5.057,6.311996143132826
8.71,11.203244376070424
2.2710000000000004,3.0317114692360208
5.569000000000001,8.1280653307845
1.7029999999999998,1.972405253311416
5.000000000000001,5.0560246062411816
6.7,7.897383323115602
1.753,1.605294520794714
5.531999999999999,4.842725808972409
7.887,9.597103321583136
4.228000000000001,6.358196254387941
12.09,11.632061300672362
16.480000000000004,13.958588607034478
5.925,8.597794903089419
18.017000000000003,15.789570691575673
1.882,2.2985495643115557
1.6999999999999995,2.0807439802844825
7.2890000000000015,6.636562985043672
7.584,6.747043753500044
9.494,9.334634200545784
3.4450000000000003,6.521735127533735
12.476,10.968887655370061
7.240000000000001,8.394877815934294
3.706,3.0317114692360208
2.452,1.8169695159186683
11.455000000000002,11.7063110999222
4.447,3.3185862906311967
3.294,4.312158870766456
9.963,8.318652291797404
1.745,2.9215436347485
6.693,6.839779057369445
12.507,11.270227558248125
25.119,22.515650954093207
4.680000000000001,5.847360783433498
4.101,3.6138031715188377
4.431999999999999,3.6672392796137814
24.391,22.3050728472623
4.936,4.426390539034969
1.11,2.8042137153871143
12.807,11.644540428767124
4.404,4.497403133157731
2.635,2.631630597615802
1.159,1.4473181628141993
7.368,6.003421650109955
4.68,5.542693132746682
7.358,4.616581668982956
17.767000000000003,14.225402163697089
3.767000000000001,3.090367831882545
1.289,2.0614466538547966
4.299,4.396023087601318
14.278,12.982586047778497
1.161,1.1674012455308265
10.718000000000002,9.365588812460489
1.649,1.9487990035207292
3.106,2.6365125428320666
13.95,11.899082279886985
1.396,1.115622406544573
4.159000000000001,6.720305378104952
4.457999999999999,4.664013522011516
12.794,11.399212959900265
12.443,10.666799833803827
2.8750000000000004,3.1923322370176574
9.82,10.249719058048914
2.435,3.82983323696717
1.45,2.0614466538547966
5.881,6.9591383379437435
11.27,13.59171623423321
5.9670000000000005,5.6380341126135605
15.435,13.13120307075434
9.159,9.495129826782943
6.431,7.019758961027024
5.3740000000000006,5.247654607454543
1.6930000000000005,2.317075856430217
12.229,13.205419748829637
7.117,7.443689277929259
4.563000000000001,6.182847044440544
1.781,3.5679212816720396
5.466000000000001,4.197249926113509
2.132,2.9196865012060043
10.277,11.451478057484469
1.221,1.8529413448370633
2.919,2.5283824850035397
1.556,1.1280580785288299
1.835,5.915599149120132
17.71,15.84040543448861
3.524,3.4738869020018366
1.6980000000000002,1.5867409448680667
14.796,12.393376493752271
5.906000000000001,5.114627018734102
24.662000000000003,23.61745927865229
3.867,4.852115503100006
5.369000000000001,5.684199783202274
4.413000000000001,6.311252081799621
4.746000000000001,5.056654250352296
3.536,2.5109119129508373
1.148,1.2314362448698297
10.229,9.338816033084305
2.458,3.647470202813506
10.807,10.89868973164912
4.095000000000001,3.575020624652041
4.066,2.376516522165652
4.462000000000001,3.787800199269954
2.055,3.235439160162033
1.909,2.3791247977340375
2.2510000000000003,2.470095749473938
3.7030000000000007,4.6024326521704975
0.7020000000000001,0.8745302641780506
2.956,3.847223542187071
4.906000000000001,5.7997382027738915
11.928,13.547878573072817
1.4660000000000002,2.038838747576041
3.249000000000001,5.851295971239857
8.891,8.131044891698197
7.693000000000001,6.988879818075193
6.3020000000000005,6.62405483135839
4.787000000000001,4.019948988674125
3.0500000000000007,3.7463252378925525
3.361,3.7517922162629636
2.874,3.42263184580644
3.4570000000000003,4.222052948287527
3.737,4.31557742825839
6.268000000000002,8.314074296072864
4.024,3.679121439429886
14.805000000000003,10.240734485363088
7.270000000000001,8.433679860281552
1.145,0.9307682546121367
1.106,1.0899613738134561
12.143,10.82519376358513
5.153,5.4744830422869235
8.547,7.348911035853457
7.638000000000001,8.409066244860544
1.322,1.8054781860645985
1.185,1.4278966138399212
9.185,9.406649848595118
4.833,5.07594251934962
1.717,2.336951244299566
4.118,6.587118131064187
7.177000000000001,7.4163365903809515
9.741,9.438230807853202
5.449,3.333791418370653
3.1,3.589555060950312
6.792000000000001,8.209573576628893
2.556,3.4411625457644823
16.830000000000002,17.063468208786844
0.768,1.310762253119246
2.35,2.6146333441082823
2.354,2.974440933968725
10.513000000000002,11.083205910964855
2.935,4.370144511831137
3.181,3.591690099570231
2.367,2.8652468385449477
20.040000000000003,23.692836363258845
3.557,2.0757498495455424
9.821000000000002,10.089139599211082
6.514000000000001,8.520208779000708
3.739,3.4601385272070697
3.522,3.4411625457644823
3.7520000000000007,5.215401831122748
8.542,8.471244679376063
12.381000000000002,11.190744184137488
4.271,4.736463996771155
5.335,5.439340775107643
9.536,10.305291248316209
22.481,17.97819766958838
0.4730000000000001,1.0784795931530566
8.226,8.2305903093118
3.694,4.66738149741224
11.654000000000002,9.161613604473361
2.567,5.664933624303018
4.1770000000000005,4.382542494992234
1.229,2.317075856430217
1.2029999999999998,1.2757820819088115
12.855,11.815431568018907
9.991,9.578502222640846
1.6950000000000005,1.5432659152477806
1.4580000000000002,1.4931001271209212
1.11,2.073720793241565
11.282000000000002,10.675589443803268
2.8320000000000003,3.1483646854393164
9.006,6.846458610421042
3.872,3.4224512821385304
4.804,4.386916059242779
6.559000000000001,4.552807958569022
7.191000000000001,9.123582601573569
8.884,8.475328262037959
3.415,5.7274230288088965
13.235,8.622183535201094
9.172,8.906320222214521
24.808,23.718817991887555
6.487,5.847360783433498
0.813,0.999527386118579
2.932,2.9215436347485
5.415000000000001,5.494556182433701
6.277000000000001,5.651752631864041
4.692,4.471564924004351
25.049000000000003,21.178507774171763
6.737000000000002,6.6284453803701915
5.085000000000001,5.8177472366893905
8.803,7.301615237508093
4.892,5.345653943329357
1.9800000000000004,4.966092507208402
2.27,2.4170943640413025
9.655,8.869142083163958
6.765,5.82548505507516
2.774,4.727363300671403
6.990000000000002,9.002255923550237
1.1720000000000002,3.4715053305230485
1.122,2.058008241156384
12.083,13.651060428007234
7.920000000000001,7.5786891151143925
3.632,3.1965325529673225
1.623,2.3135403369499183
8.113000000000001,11.14631514528871
10.85,9.00844950766236
5.7330000000000005,6.020893221908383
18.388,20.859954154851025
17.478,20.260498711441286
6.025,5.070474523070691
1.11,1.6880311507071835
3.725000000000001,4.5517255396801986
4.835000000000001,5.200784572915206
2.8350000000000004,4.269466847531394
0.9620000000000002,0.9383668469069789
12.548000000000002,12.298908524784704
9.847,11.395359984409502
9.586,12.90934302721047
3.518,4.48923871976095
3.3180000000000005,3.007634107019422
11.505999999999998,14.529059599286077
4.859000000000001,4.52731265682104
4.49,4.245268139396222
9.277,8.277364191658123
4.082000000000001,5.5198497019727
6.571000000000001,7.1458245624123675
5.071000000000001,4.754525407506554
6.2010000000000005,5.972220709231493
1.023,1.2211002892370009
2.5180000000000007,3.5761062816720393
0.803,1.0400604864715737
4.6770000000000005,5.57873025817936
10.394,5.633663364689145
10.381,9.205880113384143
10.517,12.282994936923924
26.464,21.77396919320977
12.360000000000005,13.66589323619832
7.722,6.785391495496262
3.1080000000000005,2.965345024283012
9.823,7.781597048916908
2.428,2.974440933968725
11.949,11.504661886176427
14.156,12.71141091991101
9.805,9.28584164610162
5.624000000000001,7.359640102009409
4.471,5.505287674460402
4.343,5.505364903237148
16.028000000000002,12.526435420019256
7.528,8.548324542984407
6.675000000000002,7.215884594160924
1.983,4.004484711528216
13.602,9.202537906003036
6.288,7.4785455648291155
5.498,4.9609061794049785
7.071999999999999,8.472232173963672
1.99,1.7284909412209708
7.704000000000001,5.802983566555144
2.565,3.7254278522057747
6.446000000000001,4.197249926113509
2.014,2.313732412381123
1.335,1.3463066034388753
6.987000000000001,8.374275266456982
3.2190000000000003,3.31540609838817
7.438000000000001,7.126767916266328
1.7300000000000002,2.854845519493353
3.377,5.811162702180956
11.809,14.297313527458936
6.761,6.079201218694417
11.169000000000002,10.855021761960565
4.412,5.297496108907498
16.332,15.08228675667506
19.394,17.337453412152367
9.421,9.463421260927483
16.185000000000002,15.8953954756118
5.743,7.055557194723933
3.607,4.782528510416806
13.053000000000004,11.739494629763472
2.0620000000000003,2.0270020979190893
7.67,8.270870148496265
10.468,10.453703759831717
9.336,8.733332448144322
5.787999999999999,6.544326858751126
3.819,3.5863793118938974
19.769,16.883606947805053
12.288,9.524096812191846
2.724,3.012773560300476
7.087999999999999,7.0265385792025326
4.386,5.0530039605534975
3.912,3.9531770364576095
3.008,2.9636735151457234
5.705,6.487964756194499
5.618000000000001,6.277989474083004
10.175,11.459894334187352
3.345,3.1140262252803708
16.51,15.54804676122276
8.859,8.564476407931949
12.06,11.830361117096489
8.221000000000002,7.588291139597286
4.461,5.24421874213752
8.931000000000001,7.9177915012649
4.551,5.220622117869517
1.32,2.8997318090243898
8.347000000000001,9.098586175233113
11.871000000000002,12.862031198449568
20.641,19.48961836002033
3.419,3.0675875003887993
2.329,2.1213274017644936
9.522,8.482143239835
8.639000000000001,8.59964930636801
3.269,2.6333073012784887
6.739,7.180539356691645
1.14,1.1381033070636444
9.361,8.0946790383079
14.247,12.805559755070433
4.446000000000001,4.55270398538353
8.213000000000001,9.05367443067
0.308,0.9630983318586986
8.922,9.301338097991156
4.688000000000001,4.75350339120786
2.742,2.5912594585391218
3.579,4.197380399139065
7.105,8.074747522805627
15.973999999999998,19.758953017662165
4.59,4.955798126587609
0.979,1.1229099489328145
2.362,3.098784728256969
0.772,1.2246742918664208
5.68,6.809863040333621
4.465000000000001,6.490286531894472
7.635000000000001,8.17451098529464
3.0280000000000005,2.301834341493654
1.95,2.1466041431634455
4.749,5.347288903755245
8.103000000000002,6.768085720250538
11.319,11.496590053186953
6.7620000000000005,8.582004875631593
8.732,8.192632071743814
5.985,6.506893498209149
6.613000000000001,6.826218698863898
2.9530000000000003,2.03177130081764
4.022,6.119684039881409
4.98,5.725526113728388
9.432,10.614301103439242
2.438,3.6477727612627286
1.911,2.207104041203621
5.09,6.5095997362678615
2.0930000000000004,1.410798982626144
18.497000000000003,18.19917355886957
0.9740000000000002,1.1023234905655621
4.720000000000001,5.025518447335018
7.919000000000002,11.03967699595357
27.566000000000003,19.6625628475421
5.528000000000001,4.551599875237938
9.058,7.650055227146825
1.4770000000000003,2.520530489431282
9.945,11.137044397338853
1.126,1.094244367166234
6.502000000000001,6.708402382105844
5.913000000000001,4.1715365748631505
1.1720000000000002,1.1757302051499223
5.663,6.192241587622975
5.691,5.801031646484131
12.128,11.139687484661335
7.485,7.61328910716653
10.123,7.3760827682119
4.255000000000001,5.5703271525323315
6.738,6.154883192079718
3.631,3.070099203664145
3.0000000000000004,5.65649948215376
4.7250000000000005,3.610975814514447
5.929,8.286362586295851
6.862,7.7763868462574575
2.5220000000000007,2.501288412224683
3.0820000000000007,3.199402770304782
9.2,11.47740730666912
5.184,5.452862001268243
4.849,7.276510385308548
2.8320000000000007,2.6122084256865103
2.9770000000000003,2.9215436347485
3.357,4.842002475259032
7.633000000000001,8.708999929346291
2.2060000000000004,2.0789286809593346
6.8740000000000006,6.571819015721918
4.897,7.2046015513357995
7.147000000000001,7.4621127823311815
6.022,6.510143531132636
2.0330000000000004,2.6333073012784887
21.361,23.846396686493417
1.4460000000000002,2.0611809425954806
8.724,8.44429185329125
0.7639999999999999,1.0128496077482756
1.0550000000000002,0.9609090601257148
2.244,2.7997622492451644
8.266000000000002,8.514498488073945
3.088,4.525924963053135
2.791,2.476781867068038
4.231000000000001,4.5771946577525435
7.069000000000001,7.098229869709989
19.469,18.52438258722495
8.434000000000001,8.512019926652112
11.136,12.18227720215069
3.3400000000000003,3.197802168301199
0.546,0.9048452471476943
2.158,2.0367499590928575
2.3800000000000003,3.492319482898202
5.852,5.822811532134097
2.838,2.6370227230820764
9.286,7.83675764608694
6.075,7.898696847903214
7.079000000000001,8.643244726638706
4.003000000000001,4.773439629182243
1.0589999999999995,1.4078972668590506
8.226999999999999,8.208429785871862
9.323,8.595626522305977
4.126,5.34111256180855
4.828,4.630078670021575
5.736,3.690273907239535
2.495,2.4307055924499146
1.98,2.498838675386285
5.489000000000001,7.297337728186295
8.236000000000002,7.309160667308582
4.266,3.3164260105354844
0.7570000000000001,1.0836997421226102
2.6340000000000003,3.516711060359759
3.319,3.565292213118763
4.505000000000001,4.743870092178732
10.000000000000002,9.043786443276801
5.485,8.58183171735737
5.947000000000001,6.9652389109727935
5.098000000000001,4.89708593549983
3.579,8.868071545570496
2.464,2.3469771650523863
9.201,8.542844151766126
3.962,3.0333924649093276
24.819000000000003,16.69892290705595
2.1830000000000003,2.4003757070247183
6.851,7.580217445003507
6.01,7.978875253472231
2.5580000000000003,2.348832458708418
1.2370000000000003,2.0467648722462117
3.986,6.974929371425987
8.950000000000001,9.410358145210491
6.834000000000001,5.654750172286245
3.055,3.2805871796044603
6.295,6.632289266806336
4.558000000000001,2.8195901574728683
20.303,24.013507945656816
4.064,3.8750207790970603
4.602,3.9030802549179633
12.278,9.244962557916429
1.4320000000000002,1.3883275346107338
5.812999999999999,6.117581765548465
7.823,8.330300551820944
0.579,3.5531545681748953
14.049,14.243330066201008
4.718,6.86265803397848
5.373,3.7081824254787823
1.697,3.098784728256969
7.269000000000002,7.5410185012862
4.4430000000000005,4.470588540878333
3.8010000000000006,3.395565723285346
4.952000000000001,6.5573660961546105
7.097999999999999,5.6667154372525
7.802,6.4169916172576835
4.675000000000001,6.181283304080446
8.786,8.246329859492926
10.578,11.442461654003404
1.374,1.2572974599692177
3.5860000000000007,7.0259413069336185
12.279,11.024440039132474
26.873,16.796899180380503
8.589,8.747341631200824
3.979000000000001,5.178789793435166
17.324000000000005,15.396674832325088
10.875000000000002,9.25664566371068
15.989,11.134555084027761
8.947000000000001,8.58029688846213
5.667,8.609649404405138
12.014,11.356409911663334
1.119,1.1698943887872568
4.9590000000000005,7.5752425243114
2.838,2.8951221259633786
3.864,3.491464986573486
11.792,11.51896421624166
2.878,3.1511390517663904
3.4879999999999995,3.35351991542222
16.322000000000003,22.157002226427576
6.424,7.305792439004164
13.203,11.632917438540405
3.632,3.9902578097099517
0.7969999999999999,1.201676532053255
21.375000000000004,15.676740155662179
12.767,11.411238460417767
4.753,4.249921960186338
1.7790000000000004,2.309246403231128
6.706,8.63111886162805
2.1630000000000003,2.5309662567485116
7.063000000000001,6.949928037345813
3.433,2.5462538005090987
1.079,1.094410708126747
5.314,5.895518545895637
5.454000000000001,7.559683736199052
2.8880000000000003,2.6078170364572446
4.782000000000001,5.150709330363133
7.202,6.361823220937482
8.009,10.03879988938448
9.034,6.5520882965928635
8.885,8.756761857514256
1.302,2.03177130081764
5.952,3.4932825400296754
8.308000000000002,8.909702769355155
8.201,11.87274920031746
1.9580000000000004,2.5233006000239557
10.033,9.485489725321568
3.017,2.874111846894891
4.939,6.301061082977766
4.035,3.956374803818787
10.124,8.986065021260455
4.033,4.012658101284088
3.567,3.4699517526823267
1.94,2.216453895946402
6.688000000000001,6.719492720932173
3.249000000000001,3.5028624785445936
5.401000000000001,5.670039503901685
8.067,7.539629695349129
1.3070000000000002,1.2335004969229981
0.969,1.1419715625412261
2.78,2.7725913009591716
2.5010000000000003,3.1584739660474708
3.0450000000000004,3.1356649753844397
5.413,5.274520252643911
14.805,13.65542171389789
4.694000000000001,5.871848826081848
3.626,3.2911556271531373
0.805,0.9703090814691538
7.472,8.222521853611257
7.987999999999999,9.640506321301679
5.308,3.4791628631699467
4.077,4.74576760445379
5.279,6.922498825537783
0.9449999999999998,0.975921613215533
1.1800000000000002,1.2095816137578135
23.643,20.834363985974846
12.209,13.271884742239623
8.066,7.561561127305185
13.801000000000002,13.336429612951262
9.559,9.072508606192082
2.128,3.5184307664259653
4.223,6.457463294893992
4.5,6.3353502546590095
4.889000000000001,5.624099402921643
13.553000000000004,13.231120940848625
1.5380000000000005,1.2897921551086515
6.541,5.184610483621551
10.106,8.48129449104745
17.332,22.340709189912477
8.514000000000001,10.887832899932699
6.893000000000001,7.193229065192902
8.093,9.166493564714777
3.867,2.9622665304986886
7.699000000000001,8.39144341866942
12.992000000000004,11.96318091694112
3.0820000000000007,4.196226316018997
11.695000000000002,9.886422796024341
4.023000000000001,2.774288542977163
5.2490000000000006,3.113519674426344
2.46,3.7962037859021676
7.473000000000001,8.127301801702938
3.5460000000000003,5.322962741605643
5.939000000000001,5.6777291906484955
4.51,2.8997318090243898
10.6,11.982707009862128
7.487,7.416647385522831
10.367,7.919940663479089
5.322000000000001,4.935375594389213
13.939,15.174988350535957
3.775,3.904338729229525
1.107,1.0342821883460516
5.085,5.861737174242183
5.9510000000000005,8.47540843569852
3.5650000000000004,2.853534977096437
6.200000000000001,7.63827867543036
11.329,8.174246148953383
20.361,21.22654728816178
4.607000000000001,6.115241133592638
5.348,6.39635609697218
4.29,4.0495352614754845
3.551,2.351492520991609
5.406000000000001,5.189948927213684
2.6590000000000003,5.196300174137515
2.9370000000000007,3.3617192455063414
5.481,4.302394862691434
3.98,4.555685062753771
3.06,2.426508567584523
10.261,11.84482144098313
6.113,5.6814623557477
17.223000000000003,12.838445911423563
0.2880000000000001,1.2145005931634767
10.739,12.52522555636588
2.469,2.0834210889091955
13.707,17.627981474515593
5.377000000000001,4.42953603103767
9.830000000000002,9.081111568341935
7.785,8.367758891586503
2.952,3.1405397833999023
3.692,3.486824065599964
10.869000000000002,10.882941099259137
1.305,1.0980561265851734
6.425999999999999,4.855967406972987
2.627,2.5846920134339944
9.063,11.487883526714027
4.5,5.5075378160236665
4.771,4.713413967027516
11.762,11.2310529034012
3.606,4.618838137629573
6.961000000000001,7.254909376637776
2.2150000000000003,2.5530948884438183
4.479,4.250910211988947
8.729000000000001,8.431356272083
0.975,0.8771002532905463
1.197,1.0083018059831752
3.589,4.197369147723752
4.635000000000001,4.530072460372426
1.991,2.369633543025461
7.459,7.652294841977936
3.6220000000000008,4.180133860378743
1.278,1.5021169120535183
12.290000000000004,10.65398917390123
6.996,7.207726887114288
16.078000000000003,7.888324896176528
4.004,5.327139047424393
3.806,3.195826051630982
2.952,3.0209069372907935
1.819,1.5966638626710026
7.054,6.623247438340965
4.665000000000001,4.41837252308826
4.671,5.398820333050138
1.358,2.03177130081764
3.588,4.942697704378266
4.491,4.368834115903672
1.451,1.5992762338398196
8.373000000000001,7.877037934328782
8.589,8.548838182232446
4.322,4.021436906786751
4.565,3.633798173608939
2.11,2.5392179511296304
2.16,2.2322004004619993
7.690000000000001,6.018733521834012
5.779,9.722693404829906
0.919,1.0908005386606123
4.315,4.49880685689861
4.2090000000000005,3.8997997745922675
6.28,6.871201013136254
3.775000000000001,5.635490797357436
7.560000000000001,7.173309498545127
7.473000000000001,7.142859059323139
0.499,1.040832250364659
5.185,4.726922586928335
5.65,4.109663862591327
4.787,5.243156368682942
0.7899999999999999,1.3229612281638092
0.47,0.4707168773295829
3.304,3.2629135341757847
18.782,20.229552318554646
6.018000000000001,6.041970922788668
8.350999999999999,7.866198282516856
3.44,3.483020615680724
14.756000000000002,12.393878168189135
5.3660000000000005,5.621169223594509
4.772000000000001,4.665496575273915
1.1,1.0766939911900233
3.823,6.758552382552285
10.036,9.080508945906649
16.483,16.883606947805053
5.249,5.588264975946881
6.527,7.023032095729535
3.022,3.6034406984149348
4.8420000000000005,4.972031896331633
7.447000000000001,6.309680283544904
5.367000000000001,3.236324401198358
2.7430000000000003,3.098784728256969
13.867,15.674240999112241
7.564000000000002,8.077171735683166
3.04,3.610616097946014
12.22,7.158519023476569
9.293,10.562116238240144
1.938,2.373084499662676
11.13,12.194944412605551
3.3360000000000003,3.2184315644299666
7.902000000000001,11.71941422954201
6.718,5.5276224258003515
0.099,0.2706104119967131
5.139000000000001,5.3904732600077985
16.514,15.523033020993832
1.929,2.879144496283634
2.406,3.4984615717317507
34.177,27.225000524541034
8.238,7.780468738741707
3.4,3.197802168301199
12.343,11.171736672379254
6.067,7.260126249018706
4.447,4.847997914414008
11.172999999999998,10.911838073640522
7.1640000000000015,8.815713234455535
17.706000000000003,13.144713278609697
5.821,8.82300791261022
2.7380000000000004,2.9917889013292056
11.243,9.767177425602593
5.259,4.518659630454441
9.792000000000002,8.651740279959299
1.5300000000000002,1.4230750270250296
7.878,7.104532723754217
2.46,5.481342206487215
21.163,17.337453412152367
14.914,12.93922035665583
3.389,3.1264919589812514
2.25,2.7167421968054435
1.805,1.6626627333346229
1.377,3.633798173608939
13.412000000000004,13.448881676738022
1.424,2.811661089397702
10.267,12.436307772099317
8.068999999999999,8.405235930727878
3.949,10.680887396870348
2.35,4.294090708616569
7.592,6.764601399585462
9.529,8.433318653160796
3.791,3.221418784540217
3.3830000000000005,9.444183856685255
9.118000000000002,7.198952964085042
5.856000000000001,5.254893163168967
12.875000000000002,15.190751796801393
8.946000000000002,8.14064738030785
6.613000000000001,7.9802756404387125
6.018000000000001,6.576562020849125
3.4450000000000003,4.1458497233391345
7.054,8.53339932734799
4.782000000000001,4.825879118338927
5.086,5.055069339341377
9.062,11.424723111310666
15.393999999999998,14.011717362974847
11.651000000000002,10.493040079588315
6.933000000000001,7.146891936021287
19.992,16.31484402089709
2.041,2.3207130106729554
3.161,4.773879711997978
7.794,6.558458914006796
5.495,5.676298505632392
2.364,2.8785711254308786
4.946000000000001,5.723283974497587
16.856,9.687045292161663
12.873,14.95478485134008
7.4940000000000015,7.600259760732022
9.985,8.72151989375363
3.1170000000000004,4.274950305822549
1.387,1.2724404717471245
7.760000000000002,8.390797774896372
9.21,7.984935410295203
4.932,3.276925170613595
13.338,11.571041155615555
6.214000000000001,8.078790224891291
1.239,1.2712236273698547
4.869000000000001,5.655698180872398
3.75,4.133998763439669
6.854,5.30528059164324
4.846,5.868862568300716
11.291,11.353399858264195
4.551,2.7853006081789715
10.084,10.781428121620294
5.408000000000001,5.069871805565478
4.457000000000001,3.226432322719741
2.394,2.597822552449932
2.2370000000000005,2.036581648876664
2.309,3.062638357751839
11.166,9.596330971748444
8.519000000000002,8.627413374602714
20.544,19.234010851499264
2.2,3.0317114692360208
1.238,1.926673823340245
1.737,2.161950891949541
4.88,7.5716642956150375
7.135999999999999,7.883573289100587
5.8340000000000005,5.335908322157565
1.014,1.2141310582607912
3.721,3.2430280390332498
4.912000000000001,6.6834110450397475
1.666,2.2616501376810927
13.639,12.570601383957955
6.4300000000000015,8.221134847235867
1.472,5.873824546379541
20.24,16.631988624661698
2.0210000000000004,3.0168845458367652
13.435000000000002,14.688723806372753
1.248,1.7570304934896357
9.107,8.315363783336284
10.216,14.28819177161748
8.429000000000002,6.819122657395369
9.287,9.135152481586594
6.336,7.358692609639343
6.984000000000001,5.49639408871243
6.209999999999999,5.155901162570663
3.629,4.439174501213202
3.816,4.882210642026132
3.288,3.2745696842969694
3.447,3.7594190590992804
1.875,2.0308925090933285
3.4960000000000004,3.6771920874779846
11.173000000000002,8.589320957166937
3.863,4.0927286913120735
13.299,13.006786997066568
3.705,4.109082489654381
8.382,8.39144341866942
3.01,3.167186420774194
8.002,7.1417438535315885
4.949999999999999,4.644096278454156
4.500000000000001,2.9094973080569986
24.561,23.374289511267644
8.523,7.999614073891373
3.037,7.906259217387236
3.0970000000000004,4.287213699580266
0.992,0.8670134834279214
3.767,3.6043017142540528
8.137,8.982429621864123
7.620999999999999,9.463739411229446
11.017,15.915401517994376
7.461,7.217135517044354
3.828,3.2076642137785814
7.532000000000001,8.431417533809709
1.6949999999999998,3.0216877662344213
4.658,5.098976107937033
16.76,12.488445566649876
18.391,12.917616621880217
7.572000000000001,8.161133271675123
13.259,9.524096812191846
3.5650000000000004,4.212800131698421
3.248,3.1140262252803708
8.456999999999999,8.050470918494867
9.099,12.278943397998392
5.446,4.54922433109317
13.669,12.032407309596874
2.0370000000000004,5.131505527028797
1.074,1.1479285122084817
8.912,7.186399733009373
14.657,14.762452001507887
16.830000000000002,12.296043992531422
0.8959999999999999,0.9659320878918604
12.53,9.565691322452839
7.407999999999999,7.558962472671828
6.367000000000001,6.833772650289604
6.889000000000001,7.042992341747469
6.421,6.793637024728299
1.816,1.6352274845654253
12.293000000000005,5.482354878341221
8.093,11.15906163087835
6.865,8.426170402532598
20.487,19.4090927789144
3.5170000000000003,4.37260800308588
0.5780000000000001,0.8720222150174556
5.087,5.969342347632322
12.260000000000002,13.473249776337656
10.415,12.57391524063301
13.639,13.258883431277287
6.964,8.173641232174251
4.516000000000001,8.667135546284635
1.3000000000000005,1.1363373414509164
7.634,7.141666330750052
3.955,3.9527505716671163
1.966,2.666737596118673
3.1870000000000003,6.057247164870427
4.146000000000001,5.976929808076139
1.197,1.694498376650411
4.57,5.438415905399418
9.694,9.082164351607108
9.216,10.386112640384178
20.9,14.083479898527646
6.795,8.023164973881663
8.573,9.733207507253649
2.5200000000000005,2.4313495183733376
1.125,2.0536537800690713
2.85,4.146707596819349
3.999,4.809776197570941
16.885,13.035620711572976
3.5620000000000003,3.5985547377781466
5.226000000000001,8.18361338618412
5.54,5.090250081475031
1.4760000000000002,2.647032149796485
8.901000000000002,7.778362257828011
2.332,2.8753386119847146
18.437000000000005,20.20787158640637
20.222,20.90507719917706
25.419,23.72969299602911
3.923,3.5936436062546333
5.41,7.060787857316516
9.063,10.161046497373409
4.792,4.692475759452412
3.51,2.8997318090243898
4.048,3.66183306642891
7.237999999999999,6.947976371152858
2.295,2.5891130908698456
20.394,20.853510361299737
2.604,2.774240234801807
2.378,2.9005079599761725
9.514,10.837927143063462
3.624000000000001,3.751875319158222
13.902,15.96311520180118
5.977000000000001,9.1427104796677
3.679,3.4855707674877268
2.7950000000000004,8.935646418148306
5.155,3.624857527528629
2.046,2.6258350931269128
8.774,8.548009601692275
14.406,21.943563314900672
4.811999999999999,7.446645886782855
13.949000000000002,12.33504900208549
7.692,6.691584424588919
1.7940000000000005,3.171389175947164
4.81,6.0340090313387
3.205,3.2869903779587237
7.057000000000001,8.290266940022947
4.694000000000001,6.99626727061446
7.716000000000001,9.030065787023698
10.346000000000002,6.613183000544212
4.625000000000001,5.929902891629609
5.398999999999999,4.651571324912129
16.085,12.254946773064495
9.007,7.699417993245281
3.427,2.3563197266170275
4.041,5.840818929528934
2.125,2.889867540681439
2.776,3.324357750215695
11.677,13.056119204342604
6.051999999999999,5.423197028224114
3.0660000000000003,4.9698856306554084
1.468,1.3883275346107338
9.282,8.672667002831837
6.458000000000001,7.551766829553624
7.123000000000001,7.414164830039876
4.828000000000001,6.3868530556371335
9.803,9.410358145210491
4.335000000000001,4.245268139396222
3.023,2.6258350931269128
17.033,21.062273076803184
4.038,5.764124620245636
12.552,12.340144866076292
2.773,4.810327535083848
8.952,7.854613546646522
13.373000000000005,14.016922328023101
12.107,14.613443336038214
11.951,12.66765091054165
4.295,13.414225738163596
7.619,8.763630743295172
5.258000000000001,5.253630617357578
7.984,8.62931599913242
3.4560000000000004,4.879280236728812
3.594,3.906799214649215
7.457000000000001,7.742042401129848
2.56,2.6518689600946654
7.203,7.938560394063305
18.737,15.75756680167334
9.041,8.557632254551994
7.266,6.5797121113355885
8.706,8.445612655482366
7.328,7.419689659026827
6.140000000000001,5.65240767498003
4.231999999999999,8.550696208367036
