y_true,y_pred,proba_0,proba_1,proba_2
1,1,0.9548840934790803,0.0032759559408635924,0.04183995058005612
1,1,0.9525621660621661,0.0012012012012012011,0.04623663273663274
1,1,0.9839280970242014,4.161447689366471e-05,0.016030288498904987
1,1,0.887809502060954,0.035542063492063486,0.07664843444698242
1,1,0.9685293040293039,0.0061630036630036635,0.025307692307692305
1,1,1.0,0.0,0.0
3,3,0.3608010301468533,0.033836989161485545,0.6053619806916611
1,1,0.9831547619047619,0.0075,0.009345238095238096
3,3,0.22507930330139927,1.6233766233766234e-05,0.774904462932367
1,1,0.99,0.0,0.01
3,3,0.06692146587116495,0.22109705633564725,0.7119814777931878
1,1,0.9917307692307692,0.0025,0.005769230769230769
1,1,0.575991179878072,0.09262018064101676,0.3313886394809113
1,1,0.9848316252828236,1.6233766233766234e-05,0.015152140950942772
1,1,0.9836296296296295,0.0037037037037037034,0.012666666666666666
2,2,0.05823232323232323,0.7538001443001443,0.1879675324675325
1,1,0.9848316252828236,1.6233766233766234e-05,0.015152140950942772
3,3,0.4333483915818727,1.6233766233766234e-05,0.5666353746518936
1,1,0.9848316252828236,1.6233766233766234e-05,0.015152140950942772
1,1,0.9777252252252252,0.007173423423423424,0.015101351351351351
1,1,0.9247343850927127,0.021243271215979975,0.05402234369130743
1,1,0.9723683899887057,0.0006412337662337663,0.02699037624506042
3,1,0.7928847207708549,0.03151165214751612,0.17560362708162888
1,1,0.9591002558238406,0.00704979035639413,0.03384995381976514
1,1,0.6758829690674554,0.02034585121602289,0.30377117971652184
1,1,1.0,0.0,0.0
1,1,1.0,0.0,0.0
3,3,0.10359364878642598,0.28046077319639506,0.6159455780171791
1,1,0.9810300055939619,4.161447689366471e-05,0.018928379929144205
1,1,0.9377701465201465,0.02587454212454212,0.03635531135531136
1,1,0.9015560175347787,0.03819719679633867,0.06024678566888235
1,1,0.9991304347826088,0.0002898550724637681,0.0005797101449275362
1,1,0.9953547092177228,0.0,0.004645290782277083
1,1,0.9522576962264463,0.021370903870903867,0.0263713999026499
1,1,0.9955818154448292,0.00032967032967032967,0.004088514225500527
2,2,0.049599603645536325,0.6594036956303786,0.29099670072408496
1,1,0.8900106623317265,0.03694887244546687,0.07304046522280651
1,1,0.9311706349206348,0.025694444444444447,0.04313492063492063
1,1,0.9975,0.0025,0.0
1,1,0.9771666666666667,0.004166666666666667,0.018666666666666668
1,1,0.7691042555716905,0.09378162073652191,0.13711412369178752
1,1,1.0,0.0,0.0
1,1,0.882757739554192,0.029047619047619048,0.08819464139818878
1,1,0.9848316252828236,1.6233766233766234e-05,0.015152140950942772
2,3,0.03340317596449672,0.2608660867434452,0.705730737292058
1,1,1.0,0.0,0.0
1,1,0.9555892216842085,0.0032271158920235436,0.04118366242376796
3,1,0.8608468437368313,0.0028871018839338753,0.1362660543792347
1,1,0.9848316252828236,1.6233766233766234e-05,0.015152140950942772
1,1,0.980188612289084,0.004293892769884022,0.015517494941032049
1,1,1.0,0.0,0.0
1,1,0.9917821032522598,0.0010714285714285713,0.00714646817631162
1,1,0.96898712998713,0.0024710424710424708,0.028541827541827543
1,1,0.9810300055939619,4.161447689366471e-05,0.018928379929144205
1,1,1.0,0.0,0.0
1,1,0.5956292317334629,0.07158042115582919,0.33279034711070765
1,3,0.25267320323099196,0.013759631364385318,0.7335671654046224
1,1,0.6946785714285714,0.06322222222222222,0.24209920634920631
2,2,0.08677380794897069,0.6388916834059434,0.2743345086450859
1,1,0.9608000649069669,0.002452319275238223,0.03674761581779476
1,1,0.9805714285714285,0.008333333333333333,0.011095238095238096
1,1,0.9877139824461253,0.0014173326673326673,0.01086868488654203
3,3,0.22507930330139927,1.6233766233766234e-05,0.774904462932367
2,1,0.9158571428571429,0.041071428571428564,0.043071428571428566
3,3,0.32174600955991933,0.03490497305534899,0.6433490173847316
3,3,0.34420610057522194,0.04514236150076683,0.6106515379240112
1,1,0.9848316252828236,1.6233766233766234e-05,0.015152140950942772
1,3,0.4333483915818727,1.6233766233766234e-05,0.5666353746518936
1,1,0.9641944444444444,0.014972222222222222,0.02083333333333333
1,1,0.9838316252828235,1.6233766233766234e-05,0.01615214095094277
1,1,0.9326962791140726,0.02119811226950049,0.046105608616426874
3,1,0.606842164474218,0.011157243115575892,0.3820005924102062
1,1,0.9859929653679654,0.0003192640692640693,0.013687770562770563
1,1,1.0,0.0,0.0
1,1,1.0,0.0,0.0
1,1,0.9848316252828236,1.6233766233766234e-05,0.015152140950942772
1,1,0.9589126984126983,0.0030119047619047616,0.038075396825396825
3,1,0.794234213779819,0.05553698102142099,0.15022880519876008
1,1,0.9934999999999999,0.0,0.006500000000000001
1,1,0.5125291073971086,0.16883169311869892,0.3186391994841925
1,1,0.9848316252828236,1.6233766233766234e-05,0.015152140950942772
3,3,0.03980259561465576,0.08036808138587165,0.8798293229994727
1,1,0.9745883531673006,0.0034709595959595964,0.021940687236739868
1,1,0.98998712998713,0.005006435006435006,0.005006435006435006
3,1,0.8924268281435834,0.04023933759503657,0.06733383426137997
3,3,0.22988707629905109,0.10072063831900373,0.669392285381945
3,3,0.050188184909413874,0.0018086311432290567,0.9480031839473569
1,1,0.9939999999999999,0.006000000000000001,0.0
1,1,0.9875,0.0045000000000000005,0.008
2,3,0.34468456218583154,0.2091393927365336,0.44617604507763486
1,1,0.7980760706798442,0.08082142857142859,0.12110250074872717
1,1,0.4807551756999816,0.19448279842677363,0.3247620258732448
2,3,0.23610609334622087,0.2881705956149149,0.47572331103886417
1,1,0.8932604614904579,0.004323293101276062,0.1024162454082661
1,1,0.9635045222245598,0.005272991702959595,0.031222486072480606
1,1,0.96525,0.0059722222222222225,0.028777777777777777
1,1,0.8901271238160335,0.03182015509553104,0.07805272108843538
2,1,0.6696223186226483,0.14567522501779456,0.1847024563595571
1,1,0.9869230769230769,0.0007692307692307692,0.012307692307692308
1,1,0.9838316252828235,1.6233766233766234e-05,0.01615214095094277
3,3,0.040833296497292636,0.015620271229523903,0.9435464322731836
1,1,0.6477145045148107,0.044504139228825255,0.30778135625636405
1,1,0.9885714285714287,0.0,0.011428571428571429
1,1,0.996388888888889,0.00016666666666666666,0.0034444444444444444
3,3,0.07156135916613665,0.07657022451854978,0.8518684163153136
1,1,0.5974908725201309,0.09835040763673153,0.3041587198431377
1,1,0.9848316252828236,1.6233766233766234e-05,0.015152140950942772
3,3,0.1670662516243439,0.08415299456985642,0.7487807538057997
1,1,0.9921800239234451,0.002516233766233766,0.005303742310321257
1,1,0.9848316252828236,1.6233766233766234e-05,0.015152140950942772
3,3,0.08985087023951915,0.08109934580277209,0.829049783957709
3,3,0.024576417233560095,0.0025825396825396823,0.9728410430839002
1,1,0.9614257811029551,0.008178635736244434,0.03039558316080055
1,1,0.9611889360639361,0.0023156010656010654,0.036495462870462875
3,1,0.49126445204935093,0.017822482872820185,0.49091306507782884
1,1,0.9579803200305659,0.004779852766424433,0.03723982720300976
1,1,0.6671953432331867,0.01804896056188328,0.31475569620493005
1,1,0.9524982033843605,0.011139736779586774,0.03636205983605273
1,1,0.9967307692307692,0.0,0.003269230769230769
1,1,0.9731388888888888,0.008666666666666666,0.018194444444444447
3,3,0.19958844807463613,0.0024065158978952084,0.7980050360274688
3,3,0.14843175535003422,0.3264889235934523,0.5250793210565134
1,1,1.0,0.0,0.0
3,3,0.04077923489116225,0.1765110401621639,0.7827097249466739
1,1,1.0,0.0,0.0
1,1,0.9972222222222222,0.0,0.002777777777777778
1,1,0.9190833333333334,0.05591666666666667,0.025
2,2,0.043731053533980956,0.6183744985872466,0.3378944478787724
1,1,0.7457148646869064,0.017619192038258694,0.23666594327483492
1,1,0.9314317125266992,0.0076410353059429585,0.06092725216735771
1,1,0.6106228326133518,0.048473458423403476,0.3409037089632448
1,1,0.956056291894047,0.00918391835703588,0.03475978974891713
3,2,0.02471211590313955,0.8120239087558595,0.1632639753410008
1,1,0.9852222222222222,0.0003333333333333333,0.014444444444444444
3,3,0.24694577357781206,0.09581943171661632,0.6572347947055717
3,3,0.06560075415532712,0.061280776203265636,0.8731184696414074
1,1,0.9353928571428571,0.009357142857142857,0.055249999999999994
1,1,0.9796362206975415,0.0012578616352201257,0.01910591766723842
1,1,1.0,0.0,0.0
1,1,0.998,0.002,0.0
1,1,0.9848316252828236,1.6233766233766234e-05,0.015152140950942772
3,3,0.06735273735273735,0.019566709566709563,0.9130805530805531
3,3,0.24062443636469064,0.1124182352496178,0.6469573283856915
1,1,1.0,0.0,0.0
1,1,0.998090879372344,0.00021739130434782607,0.0016917293233082707
3,3,0.02196190476190476,0.022173809523809523,0.9558642857142856
1,1,0.9972826086956522,0.0,0.002717391304347826
1,1,0.9336666666666666,0.0022222222222222222,0.06411111111111112
3,3,0.03267155067155068,0.0016373626373626371,0.9656910866910866
2,3,0.08346831990291538,0.39343685937050354,0.5230948207265812
1,1,0.9824122807017543,0.0,0.01758771929824561
3,1,0.6485188020791469,0.0017415534656913968,0.34973964445516165
1,1,0.9368055555555556,0.02961507936507936,0.03357936507936508
1,1,0.8360347482482845,0.056283757069428966,0.10768149468228629
1,1,0.8991946778741919,0.02375913283478572,0.07704618929102224
1,1,0.9848316252828236,1.6233766233766234e-05,0.015152140950942772
2,3,0.10165724342378347,0.10677386514331783,0.7915688914328988
2,3,0.07472222222222223,0.32600396825396827,0.5992738095238095
1,1,0.9264285714285714,0.03,0.043571428571428567
1,1,0.3964954065329674,0.3437855301655351,0.2597190633014975
3,1,0.7860420643921157,0.01701467429467381,0.19694326131321083
1,1,0.9613173172181493,0.0022338572969640928,0.03644882548488651
1,1,0.9848316252828236,1.6233766233766234e-05,0.015152140950942772
3,3,0.30298244301955746,0.023563213647002975,0.6734543433334396
1,1,0.9770974261246,0.0010753196079283038,0.02182725426747166
1,1,1.0,0.0,0.0
3,2,0.08281746031746033,0.6707698412698412,0.24641269841269847
3,2,0.09317016806722689,0.6363818860877686,0.27044794584500453
2,2,0.20153503579835505,0.44568143642971014,0.35278352777193484
1,1,0.9848316252828236,1.6233766233766234e-05,0.015152140950942772
1,1,0.9874804148736621,0.0,0.012519585126337855
3,3,0.4333483915818727,1.6233766233766234e-05,0.5666353746518936
1,1,0.9848316252828236,1.6233766233766234e-05,0.015152140950942772
1,1,0.9597717339285186,0.004525955940863593,0.03570231013061792
1,1,0.9803885984188325,0.005306559571619812,0.014304842009547625
1,1,0.9848316252828236,1.6233766233766234e-05,0.015152140950942772
1,1,0.9800423567977914,0.0018333333333333333,0.018124309868875085
1,1,1.0,0.0,0.0
1,1,0.9491541498755179,0.0025844188795389545,0.04826143124494302
1,1,0.6729280774246322,0.03735477371397313,0.2897171488613946
3,3,0.11561058842758637,0.049134958004693086,0.8352544535677207
3,3,0.42179541593672026,0.06248830758613367,0.515716276477146
1,1,0.9869817798660967,0.002146748179356875,0.01087147195454649
1,1,0.9770686529369571,0.001587508196700428,0.021343838866342276
1,1,0.7260094782816172,0.018267004951627787,0.25572351676675487
3,3,0.018333333333333333,0.009333333333333334,0.9723333333333334
1,1,0.6398811436390802,0.06399753353984704,0.2961213228210726
3,3,0.11561058842758637,0.049134958004693086,0.8352544535677207
1,1,0.9848316252828236,1.6233766233766234e-05,0.015152140950942772
1,1,0.9858333333333335,0.0,0.014166666666666666
1,1,0.9673431894534166,0.009006125724768239,0.0236506848218153
1,1,0.7593313309264659,0.05790415624116812,0.182764512832366
1,1,0.9848316252828236,1.6233766233766234e-05,0.015152140950942772
1,1,0.7874138312283905,0.016919288204960085,0.1956668805666492
3,3,0.3672184993195174,0.04159433930544048,0.591187161375042
1,1,0.9845185185185186,0.004370370370370371,0.011111111111111112
3,3,0.0458993582362776,0.15491851803628087,0.7991821237274414
3,3,0.3122775793411202,0.21269688829892985,0.4750255323599497
1,1,0.9710064752252253,0.005165165165165166,0.023828359609609606
1,1,0.7446813186813186,0.021205128205128206,0.2341135531135531
1,1,0.9770686529369571,0.001587508196700428,0.021343838866342276
1,1,0.9502889338125188,0.008117250673854447,0.041593815513626835
1,1,0.9848316252828236,1.6233766233766234e-05,0.015152140950942772
1,1,0.9757222222222223,0.020277777777777777,0.004
1,1,0.9848316252828236,1.6233766233766234e-05,0.015152140950942772
1,1,0.9803876404494382,0.0,0.019612359550561797
1,1,0.9986792452830189,0.0,0.001320754716981132
3,1,0.7696466188115215,0.13044354772801567,0.09990983346046274
3,3,0.0489142532660683,0.41379604211831333,0.5372897046156183
1,1,0.9520944109393978,0.005775955940863593,0.04212963311973866
1,1,0.9892310828440967,0.0,0.010768917155903456
1,1,0.9739145021645021,0.002803030303030303,0.02328246753246753
1,1,0.5974908725201309,0.09835040763673153,0.3041587198431377
3,3,0.07553624601205247,0.003188437906179842,0.9212753160817675
1,1,0.5510331386260482,0.03232729144960136,0.4166395699243503
1,1,0.927716241378786,0.0025844188795389545,0.06969933974167505
1,1,0.991388888888889,0.0034999999999999996,0.0051111111111111105
1,1,0.9088809523809525,0.013357142857142856,0.07776190476190477
1,1,0.995,0.0,0.005
1,1,0.981,0.0025,0.0165
3,1,0.7653881809000112,0.005675238095238095,0.22893658100475064
1,1,0.976740376740377,0.006983346983346983,0.016276276276276275
1,1,0.9992857142857143,0.00035714285714285714,0.00035714285714285714
1,1,0.9861734860130946,0.0014094389883714164,0.012417074998533895
3,3,0.06081606294925269,0.00485384110380472,0.9343300959469427
1,1,0.8794124109938813,0.030969307508277963,0.08961828149784072
1,1,0.9158752031463002,0.010462873803027871,0.07366192305067173
1,1,0.9848316252828236,1.6233766233766234e-05,0.015152140950942772
1,1,0.9848316252828236,1.6233766233766234e-05,0.015152140950942772
2,3,0.11565397897962292,0.34683772830672216,0.5375082927136551
1,3,0.14786189853592704,0.0596577894707217,0.792480311993351
1,1,0.7888663589510067,0.03600941333639694,0.1751242277125965
1,1,0.9910167971298108,0.0014285714285714286,0.007554631441617743
1,1,0.9848316252828236,1.6233766233766234e-05,0.015152140950942772
1,3,0.38069065313435485,0.14811582688986855,0.4711935199757766
2,3,0.03590210751708044,0.43813784702822994,0.5259600454546898
1,1,0.9888888888888888,0.006111111111111111,0.005
1,1,0.9491541498755179,0.0025844188795389545,0.04826143124494302
3,3,0.07546982429335371,0.04875583566760037,0.8757743400390459
3,3,0.2787474610705622,0.004963405526512323,0.7162891334029255
2,2,0.07214588753361566,0.7331829100726405,0.19467120239374375
1,1,0.933303209814753,0.006501388435959009,0.06019540174928786
1,1,0.9770686529369571,0.001587508196700428,0.021343838866342276
1,1,0.9848316252828236,1.6233766233766234e-05,0.015152140950942772
1,1,0.6816231711286409,0.058360789122223894,0.2600160397491353
1,1,0.9129464285714287,0.016803571428571428,0.07025
3,3,0.027853125609419865,0.0013352633030052382,0.9708116110875749
3,3,0.19022258523321253,0.03799485140778844,0.7717825633589989
3,3,0.18117716637962356,0.1284886823114955,0.6903341513088809
1,1,0.8768432897855639,0.017534369154079722,0.10562234106035627
1,1,0.9971428571428571,0.0,0.002857142857142857
1,1,0.9548529625656204,0.011308712983683829,0.033838324450695706
1,1,0.9608000649069669,0.002452319275238223,0.03674761581779476
1,1,0.9848316252828236,1.6233766233766234e-05,0.015152140950942772
1,1,0.9848316252828236,1.6233766233766234e-05,0.015152140950942772
3,3,0.356820707070707,0.1125955988455988,0.530583694083694
3,3,0.4333483915818727,1.6233766233766234e-05,0.5666353746518936
3,3,0.3288216948384416,0.07631821207408414,0.5948600930874742
1,1,1.0,0.0,0.0
1,3,0.23916488014078535,0.0518822852042434,0.7089528346549713
3,3,0.3896046889357068,0.08453149204943353,0.5258638190148595
1,1,0.9817460317460316,0.012682539682539682,0.005571428571428572
1,1,0.5854308950686501,0.054536104485084086,0.3600330004462658
1,1,0.9848316252828236,1.6233766233766234e-05,0.015152140950942772
1,1,0.9786402003763105,0.004740465963816218,0.01661933365987326
1,1,0.9848316252828236,1.6233766233766234e-05,0.015152140950942772
2,3,0.10442449841857132,0.1874611625450082,0.7081143390364205
2,3,0.02666666666666667,0.16943253968253968,0.8039007936507937
1,3,0.4333483915818727,1.6233766233766234e-05,0.5666353746518936
1,1,0.9818701474677084,0.000975609756097561,0.017154242776193995
1,1,0.9865193720506221,0.0010332207207207208,0.012447407228657226
1,1,0.9975,0.0,0.0025
1,1,1.0,0.0,0.0
3,3,0.13689368074273733,0.2818722729052917,0.581234046351971
3,1,0.7744844733202967,0.053498678533789014,0.17201684814591442
1,3,0.28435924804917634,0.03201736899238212,0.6836233829584415
1,1,0.9848316252828236,1.6233766233766234e-05,0.015152140950942772
3,3,0.4333483915818727,1.6233766233766234e-05,0.5666353746518936
3,3,0.1524086552860138,0.02042677448337826,0.827164570230608
3,2,0.06316809778918034,0.5948498505959406,0.341982051614879
1,1,0.9848316252828236,1.6233766233766234e-05,0.015152140950942772
2,1,0.917935944172786,0.00576118326118326,0.07630287256603047
1,1,0.9600727643419573,0.008545377140357455,0.03138185851768529
1,1,0.9512003968253968,0.004593253968253968,0.04420634920634922
1,1,0.8527883463698914,0.05009693346710513,0.09711472016300343
3,3,0.24877734387577313,0.012559156027798541,0.7386635000964284
1,1,0.9378962966820713,0.016492784992784993,0.04561091832514373
1,1,0.8129513220789413,0.028918058261906764,0.15813061965915212
1,1,0.9848316252828236,1.6233766233766234e-05,0.015152140950942772
3,3,0.03283333333333333,0.0,0.9671666666666667
3,3,0.12565574243863353,0.0025411383236186385,0.8718031192377478
1,1,0.9784523060796646,0.012549790356394131,0.0089979035639413
1,3,0.4333483915818727,1.6233766233766234e-05,0.5666353746518936
1,1,0.9616428571428572,0.013607142857142856,0.02475
3,3,0.012455284552845529,0.0013089430894308942,0.9862357723577236
1,1,0.9808316252828235,1.6233766233766234e-05,0.01915214095094277
1,1,0.8490062140560996,0.0328058255048051,0.11818796043909525
1,1,0.5637286942548332,0.04544532088373077,0.39082598486143594
1,1,0.9839280970242014,4.161447689366471e-05,0.016030288498904987
1,1,0.9848316252828236,1.6233766233766234e-05,0.015152140950942772
1,1,1.0,0.0,0.0
1,1,0.6902032224327128,0.03512097098873242,0.2746758065785545
3,3,0.08521539579827285,0.016857929002030547,0.8979266751996967
1,1,0.9848316252828236,1.6233766233766234e-05,0.015152140950942772
3,3,0.05278371000069113,0.02824053724053724,0.9189757527587714
1,1,0.9775614072815637,0.0014010989010989012,0.02103749381733726
3,3,0.3975890279089592,0.07862896016836726,0.5237820119226734
3,1,0.6097721549377645,0.057968021328113385,0.3322598237341223
1,1,0.8892083372646447,0.012208420750686892,0.09858324198466827
3,3,0.03717022034648706,0.0010843373493975904,0.9617454423041154
1,1,0.9146877614787554,0.013306880954547226,0.07200535756669722
1,1,0.9863888888888889,0.0125,0.0011111111111111111
3,1,0.7589897085788379,0.0005883340797133901,0.24042195734144883
1,1,1.0,0.0,0.0
1,1,0.966968253968254,0.002694444444444444,0.030337301587301586
1,1,0.9339920634920635,0.018333333333333333,0.047674603174603175
1,1,0.9848316252828236,1.6233766233766234e-05,0.015152140950942772
1,1,0.9975,0.0025,0.0
1,1,0.9848316252828236,1.6233766233766234e-05,0.015152140950942772
1,1,0.9367475275446325,0.016192047377326563,0.047060425078040806
1,1,0.9740476190476192,0.007857142857142856,0.018095238095238095
1,1,1.0,0.0,0.0
1,1,0.8794860624486778,0.009589556277056278,0.11092438127426592
3,3,0.11565397897962292,0.34683772830672216,0.5375082927136551
3,1,0.5750299521000359,0.013574891484462687,0.4113951564155014
1,1,0.913008280214973,0.03252652793400825,0.05446519185101862
3,3,0.05991750387589852,0.006809228551944,0.9332732675721576
1,1,0.7151872040170391,0.22083110965810163,0.06398168632485925
1,1,0.9838492063492064,0.008611111111111111,0.00753968253968254
3,3,0.3989617835662324,1.6233766233766234e-05,0.6010219826675336
1,1,0.9963888888888889,0.0011111111111111111,0.0025
1,1,0.8943718834668702,0.008749093914001565,0.09687902261912816
2,3,0.34047918948822586,0.31196622472704044,0.34755458578473364
1,1,0.9981310125060125,1.6233766233766234e-05,0.0018527537277537277
1,1,0.9658158489744203,0.014040683349840256,0.020143467675739282
3,3,0.05143052825748159,0.210018444462088,0.7385510272804305
1,1,0.8950376207320427,0.029095441655501868,0.07586693761245548
1,1,0.8940555555555555,0.07255555555555557,0.033388888888888885
3,3,0.044700772200772204,0.14382979407979404,0.8114694337194337
1,1,1.0,0.0,0.0
3,3,0.11552815267926984,0.05847670569441124,0.825995141626319
3,3,0.037722222222222226,0.017595238095238094,0.9446825396825396
3,3,0.3268808607607258,0.13027016234748115,0.5428489768917931
1,1,0.9921212121212122,0.00030303030303030303,0.007575757575757576
1,1,1.0,0.0,0.0
1,1,0.9047973463681441,0.006474700202948943,0.08872795342890688
1,1,0.9765951831984441,1.6233766233766234e-05,0.023388583035322163
1,1,0.9848316252828236,1.6233766233766234e-05,0.015152140950942772
3,1,0.7263884423739024,0.002452319275238223,0.2711592383508594
1,1,0.6308292477479371,0.0492403508034576,0.31993040144860535
1,1,0.9848316252828236,1.6233766233766234e-05,0.015152140950942772
1,1,0.9597717339285186,0.004525955940863593,0.03570231013061792
1,1,0.9958333333333335,0.004166666666666667,0.0
1,1,1.0,0.0,0.0
3,3,0.20497688130202377,0.012447489947694422,0.7825756287502817
3,1,0.5440722219224675,0.22555697539412756,0.2303708026834049
1,1,0.9829157014157015,0.013506435006435008,0.0035778635778635783
3,3,0.06872665338334377,0.20015385707314096,0.7311194895435149
3,3,0.07390386885490974,0.3174346535518635,0.6086614775932268
3,3,0.12158099170404092,0.05030378125276083,0.8281152270431983
1,1,0.9608000649069669,0.002452319275238223,0.03674761581779476
3,1,0.5613350979217011,0.07813721909619635,0.3605276829821026
1,1,0.9730574482142328,0.0016886543535620051,0.025253897432205217
1,3,0.4333483915818727,1.6233766233766234e-05,0.5666353746518936
1,1,0.8520238095238095,0.00621031746031746,0.14176587301587304
1,1,0.9848316252828236,1.6233766233766234e-05,0.015152140950942772
1,1,0.8684404761904763,0.05655952380952381,0.07499999999999998
1,3,0.32948464616600165,0.014804600072587494,0.6557107537614106
2,2,0.05792281768209659,0.698132588862818,0.24394459345508548
1,1,1.0,0.0,0.0
1,1,0.9540196552881475,0.013909259898535344,0.03207108481331732
1,1,0.9524982033843605,0.011139736779586774,0.03636205983605273
1,1,0.9941666666666668,0.0018333333333333333,0.004
1,1,0.862989685445746,0.0054672997671225895,0.1315430147871312
2,1,0.8867063492063493,0.022190476190476188,0.09110317460317459
1,1,0.9848316252828236,1.6233766233766234e-05,0.015152140950942772
1,1,1.0,0.0,0.0
1,1,0.9673571428571429,0.010285714285714285,0.022357142857142857
1,1,0.9015560175347787,0.03819719679633867,0.06024678566888235
1,1,0.9975,0.0025,0.0
1,1,0.8367365730903344,0.04288767298681487,0.1203757539228506
1,1,0.9716979949874686,0.0020238095238095236,0.026278195488721803
1,1,0.9980732069862505,0.0004738015607580825,0.0014529914529914532
3,3,0.06081606294925269,0.00485384110380472,0.9343300959469427
1,1,0.972313953400809,0.003897385454021867,0.02378866114516922
3,3,0.3889768527429768,0.08110652934731157,0.5299166179097118
1,1,0.9403452380952381,0.021285714285714286,0.03836904761904762
1,1,0.8429360415310283,0.034038221453129104,0.12302573701584256
1,1,0.9748087524865017,0.0095,0.015691247513498156
3,3,0.0016666666666666666,0.009999999999999998,0.9883333333333334
1,1,0.9975,0.0,0.0025
1,1,0.8932604614904579,0.004323293101276062,0.1024162454082661
1,1,0.984755344388179,0.0011722080136402388,0.014072447598180705
1,1,0.9895614072815638,0.0014010989010989012,0.009037493817337261
2,3,0.04180045464548462,0.24579327022613473,0.7124062751283806
3,3,0.16895916531197055,0.0631719286140198,0.7678689060740095
1,1,0.9931746031746032,0.002857142857142857,0.003968253968253968
1,1,0.9839903846153846,0.003958333333333333,0.012051282051282051
3,1,0.6172182656367378,0.2800184490145986,0.10276328534866364
3,3,0.08920114122203904,0.06025579769387818,0.8505430610840827
1,1,0.98,0.0025,0.0175
1,1,0.9957142857142859,0.0,0.004285714285714285
1,1,0.9943262987012987,0.0013798701298701297,0.004293831168831168
1,1,0.9848316252828236,1.6233766233766234e-05,0.015152140950942772
1,1,0.9382135642135643,0.019464285714285715,0.04232215007215008
1,1,0.6671953432331867,0.01804896056188328,0.31475569620493005
1,1,0.9238583509664783,0.02050967261904762,0.05563197641447414
1,1,0.7827663573967932,0.06212895457621517,0.15510468802699168
1,1,0.984382642478747,4.161447689366471e-05,0.015575743044359531
2,1,0.47540635111397295,0.2530787255932145,0.27151492329281246
1,1,0.9600727643419573,0.008545377140357455,0.03138185851768529
1,1,0.9773677248677248,0.004814814814814814,0.017817460317460315
2,3,0.04966727262022595,0.458638280148231,0.49169444723154315
1,1,0.9895,0.0,0.0105
1,1,0.99375,0.0025,0.00375
1,1,0.9530555555555554,0.0044444444444444444,0.0425
1,1,0.9848316252828236,1.6233766233766234e-05,0.015152140950942772
1,1,0.9567162910182474,0.011428571428571429,0.0318551375531812
3,3,0.2378377928784079,0.0452527555792695,0.7169094515423228
1,1,0.5582558428437414,0.2763351034216674,0.1654090537345912
1,1,0.9858333333333335,0.0,0.014166666666666666
1,1,0.9939722222222223,0.002833333333333333,0.0031944444444444446
3,3,0.2871020426062972,0.060538526116460725,0.6523594312772422
3,1,0.774414911286244,0.0101281834182976,0.21545690529545847
1,1,0.9848316252828236,1.6233766233766234e-05,0.015152140950942772
2,2,0.32431074228230417,0.4316348141812912,0.24405444353640451
3,3,0.05739109818299887,0.0120042833171421,0.9306046184998589
3,3,0.08511904761904762,0.37796428571428575,0.5369166666666665
3,1,0.903747880023809,4.161447689366471e-05,0.09621050549929726
1,1,0.9886792452830189,0.0,0.011320754716981131
1,1,0.9875674054206663,0.0008857989836250705,0.011546795595708639
1,1,0.7263884423739024,0.002452319275238223,0.2711592383508594
1,1,0.9568208708673234,0.012783875338753388,0.030395253793923133
1,1,0.9846103896103895,0.005,0.010389610389610388
2,3,0.05388492063492065,0.1041825396825397,0.8419325396825396
1,1,0.9902156963897016,0.004886236926948991,0.004898066683349135
1,1,0.9709492753623189,0.00125,0.02780072463768116
1,1,0.8598664679310274,0.016701297486969365,0.12343223458200316
1,1,0.9157245564892622,0.003915032679738562,0.08036041083099907
1,1,0.979391891891892,0.0032207207207207217,0.017387387387387387
1,1,0.9848316252828236,1.6233766233766234e-05,0.015152140950942772
3,3,0.34316633249791145,0.20740620943384097,0.4494274580682477
3,3,0.06707118308802089,0.44878517071268653,0.4841436461992927
1,1,0.6149177172091698,0.000673714081194396,0.3844085687096356
1,1,1.0,0.0,0.0
3,3,0.03972727272727273,0.042217532467532466,0.9180551948051948
1,1,0.9848316252828236,1.6233766233766234e-05,0.015152140950942772
3,3,0.02535505557027993,0.002921383130916507,0.9717235612988036
1,1,0.9560380952380954,0.008571428571428572,0.035390476190476194
1,1,0.8945419672919672,0.005408249158249157,0.10004978354978356
1,1,0.9848316252828236,1.6233766233766234e-05,0.015152140950942772
3,3,0.09423383254222774,0.019788694616507296,0.8859774728412648
3,3,0.30098716059116354,0.12344883425029099,0.5755640051585454
3,3,0.3672184993195174,0.04159433930544048,0.591187161375042
1,1,1.0,0.0,0.0
1,1,0.8247059490393163,0.0438748237713755,0.1314192271893083
1,1,1.0,0.0,0.0
1,1,0.9991666666666668,0.00016666666666666666,0.0006666666666666666
1,1,0.8987192455576676,0.003846334500981275,0.09743441994135114
1,1,0.9773809523809522,0.0014285714285714286,0.02119047619047619
3,1,0.7589897085788379,0.0005883340797133901,0.24042195734144883
1,1,1.0,0.0,0.0
3,1,0.9840000000000001,0.0025,0.013500000000000002
1,1,0.9707142857142859,0.0014285714285714286,0.02785714285714285
1,1,0.9824122807017543,0.0,0.01758771929824561
1,1,1.0,0.0,0.0
1,1,0.9848316252828236,1.6233766233766234e-05,0.015152140950942772
1,1,1.0,0.0,0.0
1,1,0.9491541498755179,0.0025844188795389545,0.04826143124494302
1,1,0.7675887784111921,0.060503065015559965,0.17190815657324787
1,1,0.9848316252828236,1.6233766233766234e-05,0.015152140950942772
1,1,0.8991946778741919,0.02375913283478572,0.07704618929102224
1,1,0.9967460317460318,0.0021428571428571425,0.0011111111111111111
1,1,0.9316802042986254,0.010714285714285714,0.05760550998708894
1,1,0.9377301587301585,0.004666666666666666,0.0576031746031746
3,3,0.30066649358843195,0.03929744358148061,0.6600360628300875
3,3,0.17926059711507164,0.062296532507025874,0.7584428703779024
1,1,0.9543934871752718,0.012991684656592308,0.03261482816813596
2,3,0.2266991290740331,0.38075432876261195,0.39254654216335483
1,3,0.3845803030498637,0.07942049297781936,0.535999203972317
1,1,0.9724147677088854,9.009009009009009e-05,0.027495142201024555
1,1,0.9945194508009153,0.00021739130434782607,0.005263157894736842
1,1,1.0,0.0,0.0
3,3,0.02355855855855856,0.055090090090090096,0.9213513513513513
2,2,0.03450407410849831,0.9137822185044044,0.05171370738709711
2,2,0.07355224019829155,0.7246627164306306,0.20178504337107792
1,1,0.9910508385744233,0.0004267744833782569,0.008522386942198264
1,1,0.731108567351026,0.04393789637246695,0.22495353627650702
1,1,0.9967307692307692,0.00016666666666666666,0.0031025641025641025
1,1,0.8092040258726441,0.028674212854540727,0.16212176127281508
1,1,0.92,0.0,0.08
1,1,1.0,0.0,0.0
1,1,0.9830737100737101,0.016205569205569207,0.0007207207207207207
1,1,0.8203357192065027,0.08929164303665076,0.09037263775684658
3,3,0.3943484837135871,0.07811323875567838,0.5275382775307345
1,1,0.9410930735930737,0.004826839826839827,0.05408008658008658
1,1,0.6703489649093787,0.11906956228213889,0.2105814728084825
1,1,0.6294885620915032,0.015761437908496732,0.35474999999999995
3,3,0.11028329559210333,0.035559488087415055,0.8541572163204818
1,1,0.9848316252828236,1.6233766233766234e-05,0.015152140950942772
1,1,0.9848316252828236,1.6233766233766234e-05,0.015152140950942772
1,1,0.9242420634920634,0.004285714285714285,0.07147222222222221
1,1,0.9931746031746032,0.002857142857142857,0.003968253968253968
1,1,0.9358928571428571,0.014678571428571428,0.04942857142857143
1,1,0.8894063906473332,0.03526600102406554,0.07532760832860103
3,3,0.06902153520349576,0.23850847909891587,0.6924699856975883
3,3,0.2393181735671217,0.022404077767331623,0.7382777486655467
1,1,0.9116364022806455,0.01746334278162335,0.07090025493773132
1,1,1.0,0.0,0.0
1,1,0.930020097020097,0.023184395934395932,0.04679550704550705
1,1,0.9373796286495613,0.014787682816828813,0.04783268853360987
1,1,1.0,0.0,0.0
1,1,0.944400135980028,0.012326118326118327,0.04327374569385345
1,1,0.9848316252828236,1.6233766233766234e-05,0.015152140950942772
2,2,0.020234507143597716,0.5244434874662232,0.45532200539017914
1,3,0.12344573572004963,0.04580741820040284,0.8307468460795474
3,3,0.16187388370676575,0.12074910404009685,0.7173770122531374
1,1,0.9938095238095239,0.0030238095238095237,0.0031666666666666666
1,1,0.9997826086956522,0.0,0.00021739130434782607
1,1,0.984382642478747,4.161447689366471e-05,0.015575743044359531
3,3,0.17220397773275534,0.25083996090562377,0.5769560613616209
1,1,0.9925,0.005,0.0025
1,1,0.6999976318768596,0.03421449575483619,0.2657878723683042
1,1,0.8972283926326391,0.019855710982939458,0.08291589638442137
1,3,0.0948154916741873,0.39256528817398395,0.5126192201518289
3,3,0.03409442115775193,0.007516438273726437,0.9583891405685218
3,3,0.010110507116801372,0.0034736707892388113,0.98641582209396
1,1,0.4694819188861231,0.12033544585484801,0.41018263525902887
1,1,0.9057873730043541,0.005,0.08921262699564585
1,1,0.9741163851345729,0.004635056687328304,0.02124855817809869
1,3,0.4333483915818727,1.6233766233766234e-05,0.5666353746518936
1,1,0.9424246031746031,0.0017619047619047618,0.055813492063492065
1,1,0.8952912248663131,0.023850315623970674,0.08085845950971628
1,1,0.9848316252828236,1.6233766233766234e-05,0.015152140950942772
3,3,0.2378377928784079,0.0452527555792695,0.7169094515423228
3,3,0.04264617885946524,0.337835391529445,0.6195184296110898
3,3,0.3055677542520404,0.07999394222703586,0.6144383035209239
2,3,0.06312393162393162,0.30840323565323563,0.6284728327228329
3,3,0.0756926406926407,0.01989935064935065,0.9044080086580086
3,3,0.3398721743981521,0.15817058073636514,0.5019572448654828
3,3,0.07868915084284495,0.08319895860430485,0.8381118905528503
1,1,0.9848316252828236,1.6233766233766234e-05,0.015152140950942772
1,1,0.9842237212473062,0.0013805984372022107,0.014395680315491637
1,1,0.9848316252828236,1.6233766233766234e-05,0.015152140950942772
1,1,0.8420142390289448,0.01686138371432489,0.14112437725673022
1,1,0.8705177552545219,0.01667625638117818,0.11280598836429995
1,1,0.9123008385744233,0.04776010781671159,0.03993905360886493
1,1,0.9848316252828236,1.6233766233766234e-05,0.015152140950942772
1,1,0.6930241511788471,0.0535691353405268,0.25340671348062627
1,1,0.9727263621249288,1.6233766233766234e-05,0.027257404108837507
1,1,0.9892777777777778,0.006,0.004722222222222222
1,1,0.7605166315224706,0.0453695652173913,0.19411380326013794
1,1,0.9735064752252254,0.0007207207207207207,0.025772804054054053
2,1,0.9848316252828236,1.6233766233766234e-05,0.015152140950942772
1,1,0.9895595839345839,0.0014448051948051945,0.008995610870610871
1,1,0.9848316252828236,1.6233766233766234e-05,0.015152140950942772
2,3,0.1564977209065444,0.047929063746710805,0.7955732153467447
1,1,0.8015565860786756,0.03404303215992213,0.16440038176140231
3,3,0.13421074505791103,0.006754283317142101,0.8590349716249467
1,1,0.9820416666666667,0.010736111111111111,0.007222222222222222
3,3,0.07841246408829868,0.06815346399648332,0.8534340719152179
1,1,1.0,0.0,0.0
1,1,1.0,0.0,0.0
1,1,0.9907852568124307,0.00030608883869753437,0.008908654348871739
1,1,0.984382642478747,4.161447689366471e-05,0.015575743044359531
1,1,0.9759806011017651,0.0009642944840097027,0.02305510441422526
3,1,0.7536749639249636,0.05165151515151515,0.19467352092352092
3,3,0.1689188037483583,0.01455808533780196,0.8165231109138398
3,3,0.31320046253428463,0.2602949455127918,0.42650459195292373
1,1,0.9848316252828236,1.6233766233766234e-05,0.015152140950942772
1,1,0.9854999999999999,0.0025,0.012
1,1,0.9523410728875255,0.020277777777777777,0.02738114933469672
3,2,0.01739648301810959,0.7860401407480064,0.1965633762338841
3,1,0.7556233873560163,0.00017371408119439615,0.24420289856278896
3,3,0.006740658394406445,0.014817700486405658,0.9784416411191879
1,1,0.9454911297852473,0.011841269841269842,0.042667600373482724
3,3,0.05105915858335213,0.3650108927810541,0.5839299486355937
1,1,0.9138273955159764,0.01842232034729777,0.06775028413672576
2,1,0.6222991681521093,0.10313770053475936,0.27456313131313126
1,1,1.0,0.0,0.0
1,1,1.0,0.0,0.0
3,3,0.4333483915818727,1.6233766233766234e-05,0.5666353746518936
3,3,0.33049377636511307,0.022911639264313447,0.6465945843705734
1,1,0.9608000649069669,0.002452319275238223,0.03674761581779476
1,1,0.9937343906093906,0.00034590409590409593,0.005919705294705296
3,3,0.2095862452881336,0.1822454371476421,0.6081683175642243
3,3,0.4333483915818727,1.6233766233766234e-05,0.5666353746518936
1,1,0.964095175658893,0.0025185120592241227,0.03338631228188264
1,1,0.9927871656645242,0.0005183495749533486,0.006694484760522496
1,1,0.8666836691177628,0.016641510427182305,0.11667482045505487
1,1,0.9848316252828236,1.6233766233766234e-05,0.015152140950942772
1,2,0.4005694445936382,0.41607490747006876,0.18335564793629314
1,1,0.5864934894153027,0.008022250370816213,0.40548426021388095
1,1,0.9788717532467532,0.0022384559884559884,0.018889790764790762
1,2,0.27860921499455665,0.39164297258282027,0.3297478124226231
3,3,0.10865248801118366,0.3747966679053636,0.5165508440834529
1,1,0.957738095238095,0.04226190476190477,0.0
1,1,0.543366793833609,0.026828500294154248,0.4298047058722368
1,1,1.0,0.0,0.0
1,1,1.0,0.0,0.0
3,3,0.13539628866496298,0.05008917690831693,0.8145145344267202
1,1,0.9932936507936507,0.00016666666666666666,0.006539682539682539
1,1,1.0,0.0,0.0
3,3,0.24331626261296474,0.3305019011636843,0.42618183622335104
1,1,0.9975,0.0,0.0025
3,3,0.10900989930022188,0.011616545698635253,0.8793735550011428
1,1,0.9392695282644482,0.007077006171713651,0.05365346556383812
1,1,0.825224494949495,0.036926911976911975,0.13784859307359307
1,1,0.9669134412111009,0.014423124781141366,0.018663434007757627
1,1,0.9728846153846155,0.01023076923076923,0.016884615384615383
3,1,0.719909924566232,0.07435921440148055,0.2057308610322873
1,1,0.9848316252828236,1.6233766233766234e-05,0.015152140950942772
1,1,0.7876196145237186,0.04687155816177615,0.1655088273145055
1,3,0.29645410032716574,0.038080661768425825,0.6654652379044085
3,1,0.48508188319201795,0.1365297845182284,0.37838833228975377
2,2,0.11020011947431302,0.7957271718723332,0.0940727086533538
1,1,0.725010977662712,0.012049548299214343,0.2629394740380738
1,1,0.9792820512820513,0.004188034188034188,0.01652991452991453
1,1,0.9738333333333334,0.005,0.021166666666666667
2,2,0.04455438960032228,0.884788375765059,0.07065723463461895
1,1,0.9848316252828236,1.6233766233766234e-05,0.015152140950942772
1,1,1.0,0.0,0.0
1,1,0.9496325657216951,0.0005883340797133901,0.04977910019859167
2,3,0.09024249614782402,0.30526350580810163,0.6044939980440744
1,1,0.9848316252828236,1.6233766233766234e-05,0.015152140950942772
1,3,0.21886166756006958,0.038064941634835335,0.7430733908050953
1,1,1.0,0.0,0.0
1,1,1.0,0.0,0.0
1,1,0.968970588235294,0.015166666666666669,0.015862745098039213
1,1,1.0,0.0,0.0
1,1,0.7228475373426544,0.043983283974504336,0.2331691786828413
1,1,0.9491541498755179,0.0025844188795389545,0.04826143124494302
1,1,0.9594461994461995,0.007024531024531025,0.033529269529269524
3,3,0.0996224155108357,0.03850251400031876,0.8618750704888456
1,1,0.9798846153846154,0.003942307692307692,0.016173076923076922
1,1,0.7151872040170391,0.22083110965810163,0.06398168632485925
1,1,0.8190001175783667,0.011213258647716731,0.16978662377391676
1,3,0.3889768527429768,0.08110652934731157,0.5299166179097118
1,1,0.9058286929764933,0.012005545466068851,0.08216576155743768
3,3,0.15658941350020847,0.08425239071499718,0.7591581957847943
1,1,0.9848316252828236,1.6233766233766234e-05,0.015152140950942772
1,1,0.9804072012240397,0.006195966502602916,0.013396832273357383
1,1,0.9972222222222222,0.0,0.002777777777777778
1,1,0.9138063274577795,0.028452380952380948,0.05774129158983955
1,1,0.9936792452830189,0.0,0.006320754716981132
3,1,0.5138506478643677,0.048046089371087536,0.43810326276454475
1,1,0.9902424242424241,0.00030303030303030303,0.009454545454545453
1,1,0.6446832016515418,0.09369656791560538,0.2616202304328528
1,1,1.0,0.0,0.0
1,1,1.0,0.0,0.0
1,1,0.9775413439838332,0.0011527255880047758,0.021305930428162093
1,1,0.9942857142857143,0.0014285714285714286,0.004285714285714285
1,1,1.0,0.0,0.0
1,1,0.9381661998132586,0.05712791783380019,0.004705882352941176
1,1,1.0,0.0,0.0
1,1,0.9848316252828236,1.6233766233766234e-05,0.015152140950942772
1,1,0.7400793650793651,0.0255,0.23442063492063492
1,1,0.9848316252828236,1.6233766233766234e-05,0.015152140950942772
1,1,0.8539250506219824,0.00801747327231557,0.13805747610570188
1,1,0.993,0.006999999999999999,0.0
3,3,0.010916666666666665,0.03871031746031746,0.9503730158730158
3,3,0.15905860815647702,0.004840688918501597,0.8361007029250215
3,3,0.13553104329407537,0.014144228580755258,0.8503247281251695
1,1,0.9191633326911688,0.028989533097725687,0.05184713421110545
1,1,0.9848316252828236,1.6233766233766234e-05,0.015152140950942772
1,1,0.8670473871850176,0.005326846764346764,0.1276257660506354
1,1,0.9848316252828236,1.6233766233766234e-05,0.015152140950942772
1,1,0.9459166666666667,0.0,0.05408333333333333
1,1,1.0,0.0,0.0
1,1,0.9848316252828236,1.6233766233766234e-05,0.015152140950942772
3,3,0.1447001897919767,0.22274509690412947,0.6325547133038939
1,1,1.0,0.0,0.0
1,1,0.9848316252828236,1.6233766233766234e-05,0.015152140950942772
3,3,0.19958844807463613,0.0024065158978952084,0.7980050360274688
1,1,0.9887923056673057,0.003116174366174366,0.008091519966519967
1,1,0.7912256002310347,0.07399338072172122,0.13478101904724402
3,3,0.1797536604957695,0.12079624156030609,0.6994500979439244
2,1,0.9835714285714287,0.0025,0.013928571428571427
1,1,0.9776269841269841,0.0017619047619047618,0.020611111111111115
1,1,0.8357481056187386,0.05696731170914544,0.10728458267211591
1,1,0.9772122502274379,0.0006195254021340977,0.022168224370428063
1,1,0.9004655227120867,0.009166823603578294,0.09036765368433494
3,1,0.7263884423739024,0.002452319275238223,0.2711592383508594
3,1,0.6453542873111772,0.011308051077040224,0.3433376616117826
1,1,1.0,0.0,0.0
2,3,0.09024249614782402,0.30526350580810163,0.6044939980440744
1,1,0.9848316252828236,1.6233766233766234e-05,0.015152140950942772
1,1,0.9833437321825701,0.004978829519541583,0.011677438297887994
1,1,0.9923626373626374,0.00032967032967032967,0.0073076923076923084
3,3,0.0782093425724997,0.02025167611412047,0.9015389813133798
1,1,0.9413363363363364,0.020800085800085796,0.037863577863577864
1,1,0.9848316252828236,1.6233766233766234e-05,0.015152140950942772
1,3,0.20804293244944955,0.05498250965287951,0.7369745578976707
1,1,0.9748049424778799,0.004282730054955708,0.02091232746716428
3,3,0.1547599476036369,0.006344174757281554,0.8388958776390814
3,1,0.486169633876358,0.06840193546745586,0.4454284306561863
3,3,0.14665570194381297,0.015740833653372928,0.837603464402814
1,1,0.9271121969387006,0.03860550887021475,0.03428229419108467
3,3,0.029314366449103,0.0024658275753609515,0.968219805975536
1,1,0.8377895830223416,0.014617003367003365,0.147593413610655
3,1,0.5623245696695564,0.01583151149641915,0.4218439188340245
1,1,0.9830134434646418,1.6233766233766234e-05,0.016970322769124593
1,3,0.4058844085112883,0.0042744755244755244,0.5898411159642363
1,1,0.9731058645144357,0.009724444033600937,0.017169691451963058
1,1,0.6893163353413425,0.018865994255039834,0.2918176704036178
1,1,0.9616349206349206,0.003928571428571429,0.03443650793650794
1,1,0.8829090687229786,0.023877722528098468,0.09321320874892304
3,3,0.04971412437141434,0.02807593314882014,0.9222099424797655
3,1,0.6245615107349196,0.03668047839466129,0.33875801087041907
1,3,0.3070727681164574,0.0421621773429312,0.6507650545406114
1,1,0.9839280970242014,4.161447689366471e-05,0.016030288498904987
1,1,0.99153841991342,1.6233766233766234e-05,0.00844534632034632
1,1,0.9936805097780708,0.0010656998461876512,0.005253790375741596
1,1,1.0,0.0,0.0
1,1,0.9169479589267202,0.024267709616851495,0.058784331456428134
1,1,0.9302828417307122,0.0064848562429207605,0.06323230202636693
1,1,0.9924192411362224,0.00032967032967032967,0.0072510885341074026
1,1,0.8274109419724174,0.015801196981524848,0.15678786104605777
1,1,0.76293831034655,0.051201563131531035,0.1858601265219188
1,1,0.9443055555555554,0.0029166666666666664,0.05277777777777778
3,3,0.034027777777777775,0.07055555555555557,0.8954166666666664
3,3,0.18770644348671112,0.030490067966806738,0.7818034885464822
2,3,0.20193595769394337,0.3088709450832488,0.48919309722280785
3,3,0.019637550200803214,0.0023343373493975904,0.9780281124497993
1,1,0.9598564236862839,0.01026713385365724,0.02987644246005887
3,3,0.24424321789214043,0.015908230942267967,0.7398485511655918
1,1,0.9848316252828236,1.6233766233766234e-05,0.015152140950942772
2,3,0.3448059163059163,0.1422662337662338,0.5129278499278499
3,3,0.07194401643223797,0.45574784159044895,0.4723081419773131
1,1,0.9594076655052265,0.001975609756097561,0.03861672473867595
3,3,0.0515493345136867,0.2714553441695947,0.6769953213167186
1,1,0.978218230694037,0.001270772238514174,0.020510997067448678
2,2,0.12278139173067718,0.5670276769245965,0.31019093134472636
1,1,0.9848316252828236,1.6233766233766234e-05,0.015152140950942772
1,1,0.9813690476190476,0.0,0.01863095238095238
1,1,0.9836448459583176,0.0032418058499244055,0.013113348191757943
1,1,0.9906428571428572,0.004,0.005357142857142857
1,1,0.7685243205001213,0.01733815601469157,0.21413752348518714
2,2,0.08314730946664499,0.517766461915745,0.3990862286176101
1,1,0.89925,0.02420634920634921,0.07654365079365079
1,1,0.9242823214483395,0.009892473589009366,0.0658252049626511
3,3,0.08269367832895974,0.2475839068262729,0.6697224148447676
1,1,0.9975,0.0025,0.0
1,1,0.9417916543579966,0.0030773192752382235,0.055131026366765104
1,1,0.9940566037735848,0.0,0.005943396226415094
1,1,0.8279319137892069,0.010742927621647436,0.1613251585891456
1,1,0.993,0.006999999999999999,0.0
1,1,0.9885585585585587,0.010720720720720722,0.0007207207207207207
2,2,0.027208983238545714,0.91270114996465,0.06008986679680413
1,1,0.9848316252828236,1.6233766233766234e-05,0.015152140950942772
3,2,0.05116084793747554,0.5754414126182288,0.37339773944429566
1,1,0.9813483345145287,0.0010843373493975904,0.017567328136073708
1,1,0.9875,0.0075,0.005
1,2,0.21510474760474765,0.5869377055627055,0.19795754683254685
3,3,0.005928571428571429,0.01220238095238095,0.9818690476190476
3,3,0.2537607962987802,0.08945696896736978,0.6567822347338499
1,1,0.9973626373626374,0.00032967032967032967,0.002307692307692308
2,3,0.06735273735273735,0.019566709566709563,0.9130805530805531
3,3,0.01940995670995671,0.006884107997265892,0.9737059352927773
1,1,0.9838316252828235,1.6233766233766234e-05,0.01615214095094277
1,1,0.8563115326649534,0.03242923701677781,0.1112592303182687
1,1,0.8305576974195397,0.006897546897546898,0.16254475568291357
3,3,0.12422080101581258,0.01058833407971339,0.8651908649044739
1,1,0.9801422550052686,0.0007692307692307692,0.01908851422550053
3,3,0.16451249001693383,0.035741033397443035,0.7997464765856231
1,1,0.9239472296698438,0.011459007696365325,0.06459376263379096
3,3,0.05994197169578011,0.016579662908324237,0.9234783653958957
1,1,1.0,0.0,0.0
1,1,0.9907142857142857,0.0025,0.006785714285714286
1,1,0.9727263621249288,1.6233766233766234e-05,0.027257404108837507
3,3,0.24090219953771785,0.08131580518289637,0.6777819952793859
1,1,0.5274606512554718,0.03801153374627027,0.43452781499825804
1,1,0.9598456111231419,0.01331855159830536,0.026835837278552738
3,3,0.25676442966070157,0.020959578124389578,0.7222759922149087
1,1,0.9061555775399779,0.00975080411856555,0.08409361834145637
1,1,0.9181066617896424,0.006095334381006259,0.07579800382935137
1,1,0.9958333333333332,0.004166666666666667,0.0
1,1,0.9119231562221547,0.03926683035558432,0.04881001342226081
1,1,0.9810300055939619,4.161447689366471e-05,0.018928379929144205
1,1,0.5993396603396605,0.04620121545121545,0.35445912420912423
3,1,0.8434252062366814,0.010087340267668136,0.14648745349565023
1,1,0.9848316252828236,1.6233766233766234e-05,0.015152140950942772
3,3,0.12422080101581258,0.01058833407971339,0.8651908649044739
3,3,0.05907803907803906,0.051553765303765306,0.8893681956181955
1,1,0.9838316252828235,1.6233766233766234e-05,0.01615214095094277
1,1,1.0,0.0,0.0
1,1,1.0,0.0,0.0
1,1,0.9925,0.0075,0.0
1,1,0.9806824810865007,0.005188679245283019,0.014128839668216204
1,1,0.9153229560860615,0.012245331992811501,0.07243171192112692
1,1,0.984382642478747,4.161447689366471e-05,0.015575743044359531
1,1,0.9793809523809525,0.0045000000000000005,0.01611904761904762
1,1,0.9463030303030302,0.0075,0.0461969696969697
1,1,0.9848316252828236,1.6233766233766234e-05,0.015152140950942772
3,3,0.4333483915818727,1.6233766233766234e-05,0.5666353746518936
1,1,1.0,0.0,0.0
1,1,0.8225518745406011,0.0492330757246432,0.12821504973475586
2,3,0.12287966853408032,0.1449631769374416,0.7321571545284781
1,1,0.995897435897436,0.0011111111111111111,0.0029914529914529912
1,1,0.9848316252828236,1.6233766233766234e-05,0.015152140950942772
3,3,0.2839975284986512,0.34019711304601147,0.3758053584553373
3,1,0.6928847411257063,0.04428513595615266,0.2628301229181413
1,1,0.9895483133218981,0.004077568134171908,0.0063741185439298645
1,1,0.9957142857142857,0.0004761904761904762,0.0038095238095238095
1,1,0.7228475373426544,0.043983283974504336,0.2331691786828413
1,1,0.9817733949496618,0.004834337349397591,0.01339226770094075
3,3,0.23388922546830898,0.1620728702157576,0.6040379043159334
1,1,0.8452033050663189,0.0030952380952380953,0.15170145683844308
1,1,0.9947368421052631,0.0025,0.002763157894736842
1,1,1.0,0.0,0.0
1,1,0.9955818154448292,0.00032967032967032967,0.004088514225500527
1,1,0.9848316252828236,1.6233766233766234e-05,0.015152140950942772
1,1,0.7123257210454632,0.023763565891472868,0.26391071306306396
1,1,0.8608468437368313,0.0028871018839338753,0.1362660543792347
1,1,0.9658764264228789,0.0065616531165311655,0.027561920460589803
3,3,0.08802114533248115,0.01951511090488518,0.8924637437626337
1,1,1.0,0.0,0.0
1,1,0.9969444444444444,0.00016666666666666666,0.0028888888888888888
2,2,0.07918901799138825,0.5643493384422418,0.3564616435663699
1,1,1.0,0.0,0.0
1,1,0.7969915038589624,0.018945832880403454,0.18406266326063395
1,2,0.32928342512086906,0.3466997662099765,0.32401680866915433
1,1,0.9880833333333334,0.00375,0.008166666666666666
1,1,1.0,0.0,0.0
1,1,0.9409478458049886,0.005515873015873015,0.05353628117913832
1,1,0.9900633535321036,0.0010910910910910912,0.008845555376805377
1,1,1.0,0.0,0.0
1,1,0.945677471227687,0.02264839167882759,0.03167413709348538
3,3,0.4333483915818727,1.6233766233766234e-05,0.5666353746518936
3,1,0.7589897085788379,0.0005883340797133901,0.24042195734144883
1,1,0.9961399371069183,0.0,0.003860062893081761
1,1,0.7913579757058636,0.05860416923777875,0.15003785505635753
1,1,0.7317018187285654,0.00017371408119439615,0.2681244671902401
1,1,0.9283002689337263,0.008077554296196809,0.06362217677007675
1,1,0.984382642478747,4.161447689366471e-05,0.015575743044359531
1,1,0.935,0.0,0.065
3,3,0.05091269841269841,0.028400793650793656,0.9206865079365077
1,1,0.9286626984126984,0.020257936507936506,0.051079365079365086
1,1,1.0,0.0,0.0
1,1,0.9848316252828236,1.6233766233766234e-05,0.015152140950942772
3,1,0.5907793371739095,0.024403799659884852,0.3848168631662056
1,1,0.9883333333333334,0.0,0.011666666666666667
3,2,0.14021995794818548,0.6546232634293067,0.20515677862250764
3,3,0.038328519055892,0.08015826648656088,0.8815132144575472
1,1,0.9823316252828236,0.002516233766233766,0.015152140950942772
1,1,0.9673126649076517,0.0019386543535620051,0.03074868073878628
1,1,0.959270190191238,0.0034939651136756834,0.03723584469508631
1,1,0.7406392986542443,0.1528475414078675,0.10651315993788818
3,3,0.09932095201910336,0.012546572926265452,0.8881324750546312
1,1,0.9242056727344266,0.0038081770938489714,0.07198615017172438
3,1,0.5223596161096163,0.3015479245479245,0.17609245934245937
1,1,0.9906738544474394,0.0030458221024258756,0.006280323450134771
1,1,0.9286626984126984,0.020257936507936506,0.051079365079365086
3,3,0.34544374241008613,0.07134939457942283,0.5832068630104907
1,1,0.7556233873560163,0.00017371408119439615,0.24420289856278896
1,1,1.0,0.0,0.0
3,3,0.4470887834765386,0.05563994046392005,0.4972712760595413
1,1,1.0,0.0,0.0
1,1,0.9848316252828236,1.6233766233766234e-05,0.015152140950942772
1,1,0.6651354746055123,0.0546261663061342,0.2802383590883536
1,1,1.0,0.0,0.0
1,1,0.9848316252828236,1.6233766233766234e-05,0.015152140950942772
3,2,0.27313872024279484,0.5121427591954536,0.2147185205617518
1,1,0.9775413439838332,0.0011527255880047758,0.021305930428162093
1,1,0.49131481481481487,0.2793677248677249,0.22931746031746023
1,1,0.9619136075081106,0.013206478315665057,0.024879914176224417
1,1,0.9848316252828236,1.6233766233766234e-05,0.015152140950942772
1,1,0.9699999999999999,0.023,0.006999999999999999
3,1,0.9218436736651792,0.00860813995649021,0.06954818637833042
1,3,0.3989617835662324,1.6233766233766234e-05,0.6010219826675336
1,1,0.9804072012240397,0.006195966502602916,0.013396832273357383
1,1,0.9655,0.0075,0.027000000000000003
1,1,0.8170916680564813,0.007785305192545012,0.1751230267509739
3,3,0.37993774283907117,0.0041951296647691335,0.6158671274961596
2,2,0.0382623870725903,0.6274233339918631,0.3343142789355466
1,1,0.9808316252828235,1.6233766233766234e-05,0.01915214095094277
1,1,0.9875,0.0075,0.005
1,1,0.9975,0.0,0.0025
1,1,0.9933333333333333,0.0,0.006666666666666666
1,1,0.9917821032522598,0.0010714285714285713,0.00714646817631162
1,1,0.7737558626203714,0.08247023354793245,0.1437739038316962
1,1,0.9848316252828236,1.6233766233766234e-05,0.015152140950942772
1,1,0.6163601458601456,0.0034234234234234236,0.3802164307164307
1,1,0.9925,0.0,0.0075
1,1,0.9923382173382173,0.0009706959706959706,0.00669108669108669
1,1,0.9848316252828236,1.6233766233766234e-05,0.015152140950942772
1,1,0.9746111111111111,0.011111111111111112,0.014277777777777776
1,1,1.0,0.0,0.0
1,1,0.9848316252828236,1.6233766233766234e-05,0.015152140950942772
1,1,0.8830277201304675,0.011440374121207289,0.10553190574832531
1,1,0.99675,0.00125,0.002
1,1,0.9810300055939619,4.161447689366471e-05,0.018928379929144205
3,3,0.17029306752564416,0.037325862374392574,0.7923810700999632
1,1,0.9839280970242014,4.161447689366471e-05,0.016030288498904987
1,1,0.9848316252828236,1.6233766233766234e-05,0.015152140950942772
2,3,0.24331626261296474,0.3305019011636843,0.42618183622335104
1,1,0.9766254027407075,0.0013040005865956117,0.022070596672696886
1,1,0.9491541498755179,0.0025844188795389545,0.04826143124494302
1,1,0.9281915542576971,0.0034311772860372365,0.06837726845626557
1,1,0.9845833333333335,0.0,0.015416666666666665
1,1,0.9997826086956522,0.0,0.00021739130434782607
1,1,0.5637286942548332,0.04544532088373077,0.39082598486143594
1,1,0.9661061865478014,0.0038808365433354226,0.03001297690886316
2,2,0.04630839953847544,0.7770879897037392,0.17660361075778533
1,1,1.0,0.0,0.0
1,1,0.9313677216177217,9.009009009009009e-05,0.06854218829218828
3,3,0.14869944595740367,0.252352836784965,0.5989477172576313
1,1,0.908348379193366,0.019188654353562005,0.072462966453072
1,1,1.0,0.0,0.0
1,1,0.9336388888888889,0.002361111111111111,0.064
1,1,0.9757222222222223,0.020277777777777777,0.004
1,1,0.9834642857142856,0.0,0.016535714285714286
1,3,0.31435333783863195,0.019682629870129868,0.6659640322912381
1,1,1.0,0.0,0.0
1,1,0.991,0.0,0.009000000000000001
1,1,0.9931503759398496,0.002,0.004849624060150376
3,2,0.04628161151466236,0.7553423459779391,0.19837604250739843
3,2,0.09091042494027538,0.7835781309790244,0.1255114440807004
2,2,0.06455039262287256,0.6684243754725469,0.2670252319045806
1,1,0.7853571428571431,0.06836507936507936,0.14627777777777778
1,1,0.9969444444444444,0.00016666666666666666,0.0028888888888888888
1,1,0.9848316252828236,1.6233766233766234e-05,0.015152140950942772
1,1,0.941515936845829,0.012992784992784992,0.045491278161385915
1,1,0.9848316252828236,1.6233766233766234e-05,0.015152140950942772
1,1,0.9446885808883095,0.0030721003134796237,0.0522393187982107
1,1,0.9496325657216951,0.0005883340797133901,0.04977910019859167
3,3,0.059262578616352195,0.1285515873015873,0.8121858340820606
1,1,0.9688652827006385,0.0008052858683926645,0.030329431430968647
1,1,0.9204863317954566,0.006623833659505538,0.0728898345450379
1,1,0.9895577299412917,0.00025,0.010192270058708415
1,1,0.9329860196428043,0.01704579721070486,0.04996818314649094
3,3,0.04935773693731938,0.005519858379887983,0.9451224046827928
3,2,0.10868228715728716,0.6107052752802752,0.2806124375624376
3,3,0.008210101010101011,0.0008141414141414143,0.9909757575757574
3,1,0.5768089441426005,0.07648273876114219,0.3467083170962573
1,1,0.9827446033696033,0.00028650403650403654,0.016968892593892594
1,1,0.9902052186913289,0.00030456852791878173,0.009490212780752382
1,1,0.9414967812492216,0.014648359049109803,0.04385485970166844
1,1,1.0,0.0,0.0
2,2,0.01710407410849831,0.8936472978694838,0.08924862802201775
1,1,0.7548106210577817,0.06595347890099525,0.179235900041223
1,1,0.9378213371031217,0.015156908321815972,0.04702175457506237
1,1,1.0,0.0,0.0
1,1,0.8440421791020043,0.03091453460925477,0.12504328628874078
1,1,0.9741491377634196,0.0035032679738562097,0.02234759426272416
1,1,0.9396746031746033,0.0045000000000000005,0.055825396825396834
3,3,0.34875944106186757,0.0855303957676109,0.5657101631705215
3,1,0.40301780373936574,0.3117669875634646,0.2852152086971697
3,3,0.016822555333282446,0.001790138513488767,0.9813873061532289
1,1,0.994375,0.001875,0.00375
3,2,0.21510474760474765,0.5869377055627055,0.19795754683254685
1,1,0.9848316252828236,1.6233766233766234e-05,0.015152140950942772
1,1,1.0,0.0,0.0
1,1,0.9848316252828236,1.6233766233766234e-05,0.015152140950942772
1,1,0.5778688626281869,0.08355559523070603,0.3385755421411069
3,3,0.11264933166248955,0.12755160336739282,0.7597990649701175
1,1,0.8183153747497228,0.005020309410093856,0.17666431584018308
3,3,0.45220735341238216,0.013295293517801881,0.5344973530698159
1,1,0.9839280970242014,4.161447689366471e-05,0.016030288498904987
2,3,0.07404923811249947,0.3910209799065159,0.5349297819809845
1,1,0.968342436853526,0.00957755429619681,0.02208000885027726
1,1,0.9842237212473062,0.0013805984372022107,0.014395680315491637
1,1,0.9730352876511534,0.014886236926948992,0.012078475421897408
3,3,0.4333483915818727,1.6233766233766234e-05,0.5666353746518936
3,3,0.08868835431068309,0.0792891215858416,0.8320225241034752
1,1,0.9848316252828236,1.6233766233766234e-05,0.015152140950942772
1,1,0.9848316252828236,1.6233766233766234e-05,0.015152140950942772
1,1,0.9839280970242014,4.161447689366471e-05,0.016030288498904987
1,1,1.0,0.0,0.0
1,1,1.0,0.0,0.0
1,1,0.984382642478747,4.161447689366471e-05,0.015575743044359531
1,1,0.9845336386904232,0.0016886543535620051,0.013777706956014744
1,1,0.983,0.0045000000000000005,0.0125
1,1,0.9848316252828236,1.6233766233766234e-05,0.015152140950942772
1,1,0.9463086590953859,0.002452319275238223,0.05123902162937586
1,3,0.16433658045411773,0.06311462784897018,0.772548791696912
1,1,0.9848316252828236,1.6233766233766234e-05,0.015152140950942772
3,3,0.0706225214514943,0.30353895086012983,0.6258385276883759
1,1,0.950101621706053,0.014505650703811239,0.03539272759013562
1,1,0.99,0.0025,0.0075
1,1,0.984382642478747,4.161447689366471e-05,0.015575743044359531
3,3,0.33794444444444444,0.025935897435897436,0.6361196581196582
1,1,1.0,0.0,0.0
1,1,0.995,0.0025,0.0025
1,1,0.9398351554207589,0.006127129786679382,0.05403771479256157
1,1,0.883309523809524,0.008333333333333333,0.10835714285714286
1,1,0.9848316252828236,1.6233766233766234e-05,0.015152140950942772
2,3,0.05915484869307023,0.44577776234536975,0.49506738896155994
1,1,0.9986792452830189,0.0,0.001320754716981132
1,1,0.9830134434646418,1.6233766233766234e-05,0.016970322769124593
1,1,0.7253352797192918,0.011719504664734252,0.26294521561597384
3,3,0.05043323205558279,0.00626269090679245,0.9433040770376249
1,1,0.9135734126984125,0.037589285714285714,0.04883730158730159
1,1,0.8847577922273528,0.043118154925481315,0.07212405284716589
3,1,0.7191401430250935,0.015584322032523938,0.2652755349423822
3,3,0.3070727681164574,0.0421621773429312,0.6507650545406114
3,3,0.06298232323232324,0.05066666666666667,0.8863510101010099
1,1,0.5722557762377832,0.08861187230123506,0.3391323514609818
3,3,0.038392857142857145,0.012916666666666667,0.9486904761904761
1,1,0.5424123376623377,0.0,0.4575876623376623
1,1,0.874166139453899,0.02012575600019124,0.1057081045459097
1,1,0.9770686529369571,0.001587508196700428,0.021343838866342276
1,1,1.0,0.0,0.0
1,1,0.9698484848484848,0.01715151515151515,0.013000000000000001
1,1,0.9848316252828236,1.6233766233766234e-05,0.015152140950942772
1,1,0.9848316252828236,1.6233766233766234e-05,0.015152140950942772
3,3,0.30027799087704743,0.0009433962264150945,0.6987786128965374
3,2,0.03544702890951004,0.7937923674043157,0.17076060368617427
1,1,0.9924192411362224,0.00032967032967032967,0.0072510885341074026
2,1,0.4783199665831245,0.19041384908812917,0.33126618432874644
3,3,0.44069016184293747,0.020941538823950275,0.5383682993331124
1,1,0.9942515262515264,0.000663003663003663,0.005085470085470085
1,1,0.9197112985537736,0.015158214398843673,0.06513048704738267
1,1,1.0,0.0,0.0
1,1,1.0,0.0,0.0
1,1,0.9848316252828236,1.6233766233766234e-05,0.015152140950942772
1,1,0.9957142857142857,0.0014285714285714286,0.002857142857142857
1,1,1.0,0.0,0.0
1,1,0.5612471359369368,0.07506726733462778,0.3636855967284355
1,1,0.9175168901532936,0.008531163544086265,0.07395194630262003
1,1,0.9698382173382173,0.0009706959706959706,0.02919108669108669
1,1,0.7896210532023372,0.023423756104135527,0.18695519069352734
3,3,0.12422080101581258,0.01058833407971339,0.8651908649044739
3,3,0.38863307971018757,0.08623587282043013,0.5251310474693822
1,1,1.0,0.0,0.0
1,1,0.9786524550949443,4.161447689366471e-05,0.021305930428162093
3,3,0.04049082141756016,0.007047247532125088,0.952461931050315
1,1,0.9848316252828236,1.6233766233766234e-05,0.015152140950942772
1,1,1.0,0.0,0.0
1,1,0.9934999999999999,0.0,0.006500000000000001
1,1,0.903747880023809,4.161447689366471e-05,0.09621050549929726
1,1,0.7228899743571512,0.06007386645600974,0.21703615918683883
1,1,0.9430777747977617,0.017260082924990577,0.03966214227724782
3,3,0.4333483915818727,1.6233766233766234e-05,0.5666353746518936
3,1,0.7450494626199307,0.01323314943903179,0.24171738794103753
1,1,0.9933612040133778,0.0002898550724637681,0.0063489409141583054
1,1,0.9848316252828236,1.6233766233766234e-05,0.015152140950942772
1,1,0.9608000649069669,0.002452319275238223,0.03674761581779476
1,1,0.9988888888888888,0.0,0.0011111111111111111
1,1,0.9848316252828236,1.6233766233766234e-05,0.015152140950942772
1,1,0.9882142857142857,0.005,0.006785714285714286
3,3,0.029432833348057703,0.005251902611435988,0.9653152640405063
1,1,0.8756790510259722,0.007431486880466473,0.11688946209356123
1,1,0.7526469151596703,0.03572903655301615,0.21162404828731357
2,1,0.5321830241239146,0.140642563145962,0.3271744127301235
1,1,0.9775413439838332,0.0011527255880047758,0.021305930428162093
1,1,0.8367563736665022,0.01829101236789894,0.14495261396559866
3,3,0.025079087579087576,0.023796481296481292,0.951124431124431
3,3,0.03560378997477085,0.005886345484811189,0.958509864540418
1,1,0.913831797354993,0.018527320331444042,0.06764088231356272
1,1,0.9920054945054946,0.00032967032967032967,0.007664835164835165
1,1,0.9810300055939619,4.161447689366471e-05,0.018928379929144205
1,1,0.9580424023542,0.010694444444444446,0.03126315320135545
2,3,0.07503571428571429,0.36277380952380944,0.5621904761904762
1,1,0.9933333333333334,0.0016666666666666666,0.005
1,1,0.9854166666666667,0.004166666666666667,0.010416666666666664
2,1,0.5559635970450343,0.2884283885363045,0.1556080144186612
1,1,0.6651354746055123,0.0546261663061342,0.2802383590883536
2,2,0.10466043693463047,0.7906398702850315,0.10469969278033792
3,3,0.0795391368321505,0.24675533529017407,0.6737055278776753
1,1,0.9848316252828236,1.6233766233766234e-05,0.015152140950942772
1,3,0.2805044587741602,0.06658325467235696,0.6529122865534828
2,1,0.3469111921442195,0.32385130259726674,0.3292375052585137
1,1,0.969640788532628,0.0009150326797385621,0.02944417878763352
3,3,0.25396784994435573,0.08429568571243104,0.6617364643432133
1,1,0.9887373737373736,0.0061111111111111106,0.005151515151515152
1,1,0.9848316252828236,1.6233766233766234e-05,0.015152140950942772
3,1,0.8641004217338965,0.03896198890584311,0.09693758936026015
3,3,0.12565574243863353,0.0025411383236186385,0.8718031192377478
1,1,0.5997493266370817,0.0067258591748387666,0.39352481418807955
1,3,0.4305456691834242,0.02203610448508407,0.5474182263314917
1,1,0.9888571428571429,0.0,0.011142857142857144
1,1,1.0,0.0,0.0
1,1,0.932719178082192,0.019369047619047616,0.0479117742987606
1,1,0.8865422567443865,0.021232305147212797,0.0922254381084008
1,1,0.7968539086415686,0.014513284269030789,0.18863280708940053
1,1,0.8579234145431149,0.03162179077447651,0.11045479468240836
1,1,0.9848316252828236,1.6233766233766234e-05,0.015152140950942772
2,3,0.08290350722326774,0.19836883661410076,0.7187276561626313
1,1,0.6622391098312987,0.04569613844234338,0.2920647517263583
1,1,0.9944830868604454,0.002278769335373109,0.00323814380418154
1,1,0.9955845410628019,0.0003333333333333333,0.004082125603864735
1,1,0.9852380952380951,0.0014285714285714286,0.013333333333333332
1,1,0.993,0.002,0.005
1,1,0.9925,0.0,0.0075
3,3,0.13232843137254904,0.2205714285714286,0.6471001400560222
1,1,0.9398182282679904,0.0059553084682311885,0.054226463263778335
2,2,0.21644739084826145,0.4666844815772433,0.3168681275744952
3,3,0.39905129035445336,0.12784551844627226,0.4731031911992743
1,1,1.0,0.0,0.0
3,3,0.15646427446488032,0.2796968156152525,0.5638389099198671
1,1,0.9417916543579966,0.0030773192752382235,0.055131026366765104
3,3,0.06793906859018377,0.19918870135757186,0.7328722300522443
1,1,0.7871464086426893,0.02969835373959021,0.1831552376177205
1,1,0.9848316252828236,1.6233766233766234e-05,0.015152140950942772
3,3,0.04001137680022766,0.009140343124053,0.9508482800757194
1,1,0.993,0.0,0.006999999999999999
3,3,0.028553174603174605,0.004288888888888889,0.9671579365079365
1,1,0.8480538521916319,0.035328510941225584,0.11661763686714226
2,1,0.5041827713873566,0.059382918943471835,0.4364343096691713
1,1,0.992,0.0,0.008
1,1,0.9848316252828236,1.6233766233766234e-05,0.015152140950942772
1,1,0.9635045222245598,0.005272991702959595,0.031222486072480606
1,1,0.9826190476190476,0.007619047619047619,0.00976190476190476
1,1,1.0,0.0,0.0
1,1,0.9915555555555555,0.0003333333333333333,0.00811111111111111
3,3,0.0452211929063813,0.4481162918701836,0.506662515223435
3,3,0.06308730158730158,0.0022222222222222222,0.9346904761904762
1,1,0.9925,0.0,0.0075
1,1,0.9955818154448292,0.00032967032967032967,0.004088514225500527
1,1,0.9771666666666667,0.004166666666666667,0.018666666666666668
3,3,0.006607142857142857,0.015456349206349206,0.977936507936508
3,3,0.16246640394277173,0.042552623553105136,0.7949809725041233
1,1,0.9848316252828236,1.6233766233766234e-05,0.015152140950942772
1,1,0.9522576962264463,0.021370903870903867,0.0263713999026499
3,1,0.7317018187285654,0.00017371408119439615,0.2681244671902401
1,1,0.9839280970242014,4.161447689366471e-05,0.016030288498904987
3,3,0.06766010307207536,0.012861139274903741,0.9194787576530207
1,1,0.47730472839971516,0.131688654353562,0.39100661724672264
1,1,0.9848316252828236,1.6233766233766234e-05,0.015152140950942772
3,3,0.2961178044092131,0.15460242518059852,0.5492797704101884
1,1,0.8682869186111446,0.04532939300121962,0.08638368838763574
1,1,0.9633577938558904,0.002820802294152548,0.03382140384995715
1,1,0.9010339105339107,0.03303030303030303,0.06593578643578643
1,1,0.9848316252828236,1.6233766233766234e-05,0.015152140950942772
1,3,0.2016880570409982,0.06689635854341738,0.7314155844155844
1,1,0.991,0.0,0.009000000000000001
1,1,1.0,0.0,0.0
1,1,0.9525543453627406,0.010331429659242337,0.0371142249780171
1,1,0.929445771098408,0.008487132993218186,0.06206709590837379
1,1,0.9848316252828236,1.6233766233766234e-05,0.015152140950942772
2,2,0.03629981108373189,0.8849434258924376,0.0787567630238307
1,1,0.9925,0.0,0.0075
1,1,0.9491541498755179,0.0025844188795389545,0.04826143124494302
1,1,0.993864430468204,0.0037037037037037034,0.0024318658280922433
1,1,0.486169633876358,0.06840193546745586,0.4454284306561863
3,3,0.39905129035445336,0.12784551844627226,0.4731031911992743
1,1,0.9848316252828236,1.6233766233766234e-05,0.015152140950942772
1,1,0.9819470195980093,0.004478957704948957,0.013574022697041695
3,1,0.5061266069579734,0.05018340012851476,0.44368999291351163
2,3,0.252556649125093,0.33672367412185944,0.4107196767530476
3,3,0.09276845299523316,0.14130379871246743,0.7659277482922994
1,1,1.0,0.0,0.0
2,3,0.08173015873015874,0.44805952380952385,0.4702103174603174
3,1,0.430083725314025,0.2349620219156845,0.33495425277029056
2,2,0.06455039262287256,0.6684243754725469,0.2670252319045806
1,3,0.4333483915818727,1.6233766233766234e-05,0.5666353746518936
1,1,0.9877777361527361,0.0038495670995670993,0.008372696747696749
3,3,0.20497688130202377,0.012447489947694422,0.7825756287502817
3,3,0.30477076538377906,0.03241666666666667,0.6628125679495542
1,1,0.927716241378786,0.0025844188795389545,0.06969933974167505
2,3,0.057180106714990436,0.4678645708505048,0.4749553224345048
1,1,0.9586666666666666,0.0016666666666666666,0.03966666666666667
1,1,0.9114383956132984,0.01801055943655069,0.07055104495015091
3,2,0.053537735849056606,0.8789046870320456,0.06755757711889789
1,1,0.9848316252828236,1.6233766233766234e-05,0.015152140950942772
2,2,0.05849641577060932,0.7730125448028674,0.16849103942652327
1,1,0.980618107083534,0.008237745535414473,0.011144147381051522
1,1,0.9529422178538405,0.024414239854547125,0.02264354229161227
1,1,0.9963888888888889,0.0,0.003611111111111111
1,1,1.0,0.0,0.0
1,1,0.862989685445746,0.0054672997671225895,0.1315430147871312
1,1,0.99875,0.0,0.00125
1,1,0.9533820393002344,0.005692377495462795,0.040925583204302694
1,1,0.9477151483781918,0.007777777777777777,0.04450707384403037
3,3,0.04972314633616004,0.0066468253968253975,0.9436300282670146
1,1,0.995,0.0,0.005
1,1,0.9496666666666667,0.017,0.03333333333333333
1,1,0.7892615857256609,0.07258280367984758,0.1381556105944916
1,1,0.6222991681521093,0.10313770053475936,0.27456313131313126
3,3,0.3989617835662324,1.6233766233766234e-05,0.6010219826675336
3,3,0.41509027486828665,0.07838021569775185,0.5065295094339615
1,1,0.9262943289746195,0.01872484844469997,0.05498082258068029
1,1,0.9735064752252254,0.0007207207207207207,0.025772804054054053
1,1,0.9848316252828236,1.6233766233766234e-05,0.015152140950942772
1,1,0.9772213438735176,0.011198945981554678,0.011579710144927537
1,1,0.7593313309264659,0.05790415624116812,0.182764512832366
1,1,0.9309793315743184,0.016688654353562003,0.05233201407211962
1,1,0.9848316252828236,1.6233766233766234e-05,0.015152140950942772
3,3,0.04354397739577538,0.00889525590767333,0.9475607666965513
1,1,0.7301385756552854,0.054699813414988904,0.21516161092972577
1,1,0.9848316252828236,1.6233766233766234e-05,0.015152140950942772
3,3,0.035513864460512884,0.020629774390376304,0.943856361149111
1,1,1.0,0.0,0.0
1,1,0.8441002722767432,0.05884992784992787,0.0970497998733293
1,3,0.10353452036439652,0.1596177887643832,0.7368476908712203
1,1,0.9925,0.00375,0.00375
3,3,0.0912156946826758,0.015873376623376623,0.8929109286939475
1,1,1.0,0.0,0.0
3,3,0.3318749408443205,0.24111666014229094,0.4270083990133886
1,1,0.9897368421052631,0.0,0.010263157894736842
1,1,0.9682708082243061,0.010286345310005744,0.02144284646568816
1,1,0.9985585585585587,0.0007207207207207207,0.0007207207207207207
1,1,0.9925,0.00375,0.00375
1,1,0.9715277777777779,0.005833333333333333,0.02263888888888889
1,1,0.8863787614145676,0.0045011635412777265,0.1091200750441546
2,2,0.20034493480088655,0.624785530374897,0.17486953482421647
2,2,0.01646031746031746,0.6812579365079364,0.30228174603174596
1,1,0.9848316252828236,1.6233766233766234e-05,0.015152140950942772
1,1,1.0,0.0,0.0
1,1,0.9908717532467531,1.6233766233766234e-05,0.009112012987012988
1,1,0.8773018648363125,0.004345265237878097,0.11835286992580907
1,1,1.0,0.0,0.0
1,1,0.9320119047619047,0.0239265873015873,0.04406150793650793
1,1,0.9661418670916642,0.01,0.023858132908335748
1,1,0.9848316252828236,1.6233766233766234e-05,0.015152140950942772
1,1,0.8275858338245601,0.03851385650542398,0.13390030967001582
1,1,0.8224705712962559,0.0398199680092081,0.13770946069453577
1,1,0.8837683982683984,0.013452380952380954,0.10277922077922078
3,3,0.2086468253968254,0.07985714285714286,0.7114960317460318
3,3,0.020269841269841268,0.0011587301587301585,0.9785714285714284
3,1,0.7450494626199307,0.01323314943903179,0.24171738794103753
3,3,0.0854866118173229,0.027126005958704732,0.8873873822239724
1,1,0.9879166666666666,0.0,0.012083333333333333
1,1,0.9757191882949627,0.005871763195744305,0.01840904850929297
3,1,0.7986224876278247,0.030877502761300805,0.17050000961087453
1,1,0.9356822260519746,0.008877934097556495,0.055439839850468735
1,1,0.9417916543579966,0.0030773192752382235,0.055131026366765104
1,1,0.984382642478747,4.161447689366471e-05,0.015575743044359531
1,1,0.9848316252828236,1.6233766233766234e-05,0.015152140950942772
1,1,0.9351388888888889,0.016992063492063492,0.04786904761904762
1,1,0.8154803854875284,0.04926269841269842,0.13525691609977322
3,1,0.8078546783412602,0.0061111111111111106,0.18603421054762864
3,3,0.237429603143097,0.04907462851592861,0.7134957683409744
3,3,0.22277621716745838,0.013470801130372334,0.7637529817021691
3,3,0.2916832193842274,0.013747425961465796,0.6945693546543068
1,1,0.8754093781583424,0.028164660628294157,0.09642596121336339
1,1,0.8706654135338348,0.019095238095238096,0.11023934837092732
3,1,0.7589897085788379,0.0005883340797133901,0.24042195734144883
1,3,0.15112456497750615,0.05217413632119516,0.7967012987012987
1,1,0.9773677248677248,0.004814814814814814,0.017817460317460315
1,1,0.9657999512148686,0.002857142857142857,0.03134290592798839
1,1,1.0,0.0,0.0
1,1,1.0,0.0,0.0
3,1,0.6270062993361294,0.02993953271553393,0.3430541679483366
3,1,0.6575371972697404,0.01723727741724531,0.32522552531301413
3,2,0.06721355685131196,0.5147037701527498,0.41808267299593815
1,1,0.9765476190476191,0.0,0.023452380952380954
3,1,0.921632840346248,0.008117225782133433,0.07024993387161836
1,1,1.0,0.0,0.0
2,3,0.24994659519432846,0.1641340886114014,0.5859193161942701
1,1,0.9863888888888889,0.006111111111111111,0.0075
1,1,1.0,0.0,0.0
1,1,0.9351393288528653,0.012642352178024056,0.052218318969110576
1,1,0.9491541498755179,0.0025844188795389545,0.04826143124494302
1,1,0.9644064633224381,0.00643253920854539,0.029160997469016528
3,3,0.28265302119671054,0.03955276061586741,0.6777942181874219
1,1,0.9839280970242014,4.161447689366471e-05,0.016030288498904987
1,1,0.9848316252828236,1.6233766233766234e-05,0.015152140950942772
2,3,0.12310344861534137,0.04561556924867146,0.8312809821359872
1,1,0.7576688959929023,0.034652460361099896,0.20767864364599775
2,2,0.06970988396544377,0.5351424751659886,0.39514764086856774
1,1,0.9810300055939619,4.161447689366471e-05,0.018928379929144205
1,1,0.9085465297230002,0.012224266474266474,0.07922920380273321
1,1,0.9810300055939619,4.161447689366471e-05,0.018928379929144205
3,3,0.16609599710048312,0.015828794880562488,0.8180752080189545
1,1,0.6940186720582199,0.03980495642802157,0.2661763715137585
1,1,0.9848316252828236,1.6233766233766234e-05,0.015152140950942772
3,3,0.15655067155067154,0.1656138583638583,0.6778354700854701
1,3,0.37440941896507995,0.012263293197863772,0.6133272878370564
3,3,0.16213866859175943,0.01101037345935305,0.8268509579488875
1,1,0.9832142857142857,0.01,0.006785714285714286
3,3,0.35278354483914626,0.2565390746948333,0.3906773804660203
1,3,0.40612436411964703,0.07609886918849182,0.5177767666918611
3,3,0.14843175535003422,0.3264889235934523,0.5250793210565134
1,1,0.9718942261589322,0.0010051227698286522,0.027100651071239303
1,1,0.9417916543579966,0.0030773192752382235,0.055131026366765104
1,3,0.32084518838593223,0.24081610818901328,0.4383387034250545
1,1,0.9823316252828236,0.002516233766233766,0.015152140950942772
1,1,0.9848316252828236,1.6233766233766234e-05,0.015152140950942772
1,1,0.9978025114155251,0.0,0.0021974885844748856
1,1,0.9954999999999999,0.0,0.0045000000000000005
1,1,0.9607461617233006,0.005835427767165981,0.03341841050953323
2,2,0.046890768561075824,0.8936925014947948,0.05941672994412931
1,1,0.6793612077333675,0.0778304471415416,0.2428083451250909
1,3,0.4405987400091887,0.02489348010963148,0.5345077798811798
1,1,0.9851666666666666,0.0,0.014833333333333334
3,3,0.003333333333333333,0.015,0.9816666666666666
3,3,0.10936579782947428,0.2164421968227357,0.6741920053477899
1,1,0.9836617331617333,0.005581831831831832,0.010756435006435005
3,3,0.13186284711158197,0.10258094670746998,0.7655562061809482
1,1,0.9975,0.0025,0.0
1,1,1.0,0.0,0.0
1,1,0.9069463371031216,0.04384738451229217,0.04920627838458617
1,3,0.4333483915818727,1.6233766233766234e-05,0.5666353746518936
3,3,0.00785909090909091,0.01630909090909091,0.9758318181818183
1,1,0.9922343906093906,0.00034590409590409593,0.007419705294705294
3,3,0.1464642857142857,0.022014333096422648,0.8315213811892918
3,3,0.15608238179117392,0.08566117523263433,0.7582564429761918
3,3,0.08747435302859197,0.4331275646188837,0.4793980823525243
1,1,0.9020228442728444,0.06206595881595882,0.03591119691119691
2,3,0.15046104494616916,0.12180433060058789,0.727734624453243
1,1,0.9695756995926957,0.007282082783079142,0.02314221762422505
3,3,0.07270846819142204,0.019390711930996198,0.9079008198775819
3,3,0.04230112044817927,0.12987394957983192,0.8278249299719888
3,3,0.08782539682539682,0.022010364842454395,0.8901642383321489
3,3,0.05240315315315316,0.11807979407979408,0.8295170527670527
1,1,0.9848316252828236,1.6233766233766234e-05,0.015152140950942772
1,1,0.7556233873560163,0.00017371408119439615,0.24420289856278896
1,1,0.9823316252828236,0.002516233766233766,0.015152140950942772
1,1,0.9621128478800892,0.013391057218643426,0.024496094901267317
1,1,0.8744396490346357,0.05311722578213343,0.07244312518323072
3,3,0.12565574243863353,0.0025411383236186385,0.8718031192377478
1,1,0.9954999999999999,0.0025,0.002
1,1,0.9679166666666665,0.01958333333333333,0.0125
1,1,0.9561891821946169,0.008968253968253967,0.034842563837129054
1,1,0.9874953990701278,0.0028448275862068967,0.009659773343665247
1,1,0.9848316252828236,1.6233766233766234e-05,0.015152140950942772
1,3,0.3604870052332896,0.03600938057115271,0.6035036141955576
3,1,0.6439638875305899,0.02078046371603951,0.33525564875337066
1,1,0.9848316252828236,1.6233766233766234e-05,0.015152140950942772
1,1,0.9848316252828236,1.6233766233766234e-05,0.015152140950942772
1,1,0.9122341846395245,0.00947295066045066,0.0782928647000249
2,2,0.3143525806826666,0.38902916756376127,0.2966182517535723
3,3,0.4333483915818727,1.6233766233766234e-05,0.5666353746518936
1,1,1.0,0.0,0.0
1,1,0.9746111111111111,0.011111111111111112,0.014277777777777776
1,1,0.99,0.0,0.01
1,1,0.9848316252828236,1.6233766233766234e-05,0.015152140950942772
2,2,0.043731053533980956,0.6183744985872466,0.3378944478787724
3,3,0.21901461038961034,0.02673845598845599,0.7542469336219336
1,1,0.8684989829152882,0.03369163664221617,0.09780938044249535
1,1,0.8875177295886972,0.025666939695802426,0.08681533071550013
1,3,0.2352785449911326,0.08115107164625693,0.6835703833626104
3,3,0.15669047205923417,0.1144351833623294,0.7288743445784364
1,1,0.8843826424787469,4.161447689366471e-05,0.11557574304435952
3,3,0.19819193205858615,0.024543795970033363,0.7772642719713804
1,1,0.9491541498755179,0.0025844188795389545,0.04826143124494302
1,1,0.9859603174603174,0.0,0.01403968253968254
1,1,0.9912820512820513,0.005,0.0037179487179487183
1,3,0.32320931115667956,0.11183939292058674,0.5649512959227336
1,1,0.9982954006638216,9.009009009009009e-05,0.0016145092460881935
1,1,0.984382642478747,4.161447689366471e-05,0.015575743044359531
1,1,0.9863690476190476,0.006428571428571428,0.007202380952380952
1,1,0.9842906473226501,0.005188800610487357,0.01052055206686231
1,1,1.0,0.0,0.0
3,1,0.46209343537620234,0.1494410244083213,0.3884655402154763
1,1,0.7387985193318316,0.026832315736994655,0.23436916493117368
3,3,0.22507930330139927,1.6233766233766234e-05,0.774904462932367
1,1,0.9895595839345839,0.0014448051948051945,0.008995610870610871
3,3,0.4333483915818727,1.6233766233766234e-05,0.5666353746518936
1,1,1.0,0.0,0.0
1,1,0.9852351488788399,0.0025,0.012264851121159994
1,1,0.9897028977778004,0.006115321341312593,0.004181780880886833
1,1,0.9497612293144206,0.0037509287402904424,0.04648784194528876
3,3,0.36736207046921343,0.008996336996336996,0.6236415925344496
1,1,0.9339294249606751,0.029832162519662517,0.03623841251966251
1,1,1.0,0.0,0.0
1,1,0.9857465817004063,0.007536056592693007,0.00671736170690051
1,1,0.9848316252828236,1.6233766233766234e-05,0.015152140950942772
1,1,0.9880000000000001,0.0,0.012000000000000002
1,1,0.9848316252828236,1.6233766233766234e-05,0.015152140950942772
3,3,0.20263979829406323,0.16928198173071127,0.6280782199752253
2,1,0.5669680488406368,0.13104555213948615,0.301986399019877
1,1,0.991546997257401,0.0010876623376623376,0.007365340404936678
3,1,0.6234001298054695,0.0493397435897436,0.32726012660478676
1,1,0.9810300055939619,4.161447689366471e-05,0.018928379929144205
1,1,0.8364618467091463,0.04362007094535594,0.11991808234549772
1,1,0.984382642478747,4.161447689366471e-05,0.015575743044359531
1,1,0.8959721037835792,0.009555594235922105,0.0944723019804987
1,1,0.9775614072815637,0.0014010989010989012,0.02103749381733726
1,1,0.9848316252828236,1.6233766233766234e-05,0.015152140950942772
3,3,0.08996534376027876,0.046542023020059775,0.8634926332196615
1,1,1.0,0.0,0.0
1,1,0.5768089441426005,0.07648273876114219,0.3467083170962573
1,1,0.8270108730754326,0.017722318507990383,0.155266808416577
3,1,0.6777660793768797,0.01869646537978359,0.3035374552433368
1,1,0.9841666666666665,0.0025,0.013333333333333332
1,1,0.9875,0.0045000000000000005,0.008
1,1,0.9810300055939619,4.161447689366471e-05,0.018928379929144205
3,3,0.0489142532660683,0.41379604211831333,0.5372897046156183
1,1,0.9848316252828236,1.6233766233766234e-05,0.015152140950942772
1,1,0.9848316252828236,1.6233766233766234e-05,0.015152140950942772
1,1,0.5424123376623377,0.0,0.4575876623376623
1,1,0.967222868724077,0.004810924369747899,0.027966206906174674
1,1,0.6632261527211647,0.05074036012635987,0.2860334871524755
3,3,0.0025,0.015952380952380954,0.981547619047619
3,3,0.037722222222222226,0.017595238095238094,0.9446825396825396
1,1,0.9848316252828236,1.6233766233766234e-05,0.015152140950942772
1,1,0.9830098836459517,0.003944458708685265,0.01304565764536292
1,1,1.0,0.0,0.0
1,1,0.9450223984813022,0.01709874402551947,0.037878857493178486
1,1,0.9585584999670579,0.01125639878387218,0.030185101249069892
1,1,0.9763332289055973,0.00900845864661654,0.01465831244778613
1,1,0.8951082890537073,0.011857142857142854,0.09303456808914966
3,3,0.051561390275959525,0.25530264749091036,0.6931359622331301
3,3,0.4333483915818727,1.6233766233766234e-05,0.5666353746518936
1,1,0.886512881441339,0.024914853514539533,0.0885722650441216
1,1,1.0,0.0,0.0
3,3,0.2335236534391044,0.02505786147613071,0.7414184850847648
2,3,0.46144674534353264,0.04493826084215906,0.49361499381430823
1,1,0.9608000649069669,0.002452319275238223,0.03674761581779476
1,1,0.7910175367872587,0.030057899893549213,0.17892456331919196
1,3,0.29111580089437056,0.08872625376653115,0.6201579453390983
1,1,0.9464351008730495,0.012630748478574564,0.04093415064837606
3,3,0.34126504586003265,0.17222869764360527,0.4865062564963621
1,1,0.9888717532467532,1.6233766233766234e-05,0.011112012987012986
2,3,0.035783337091901485,0.4650816199967287,0.49913504291136973
1,1,0.9384053295955149,0.019709094181645195,0.04188557622283988
2,2,0.1255,0.4732301587301588,0.4012698412698412
1,1,0.9887728442728442,0.006220720720720721,0.005006435006435006
1,1,0.9318126649076517,0.007938654353562004,0.06024868073878628
1,1,0.632760236689091,0.005268777584193312,0.36197098572671577
3,3,0.0481675697865353,0.02585197044334975,0.9259804597701148
2,3,0.37803660829998875,0.0220338397334748,0.5999295519665364
1,1,1.0,0.0,0.0
3,1,0.4148538647342995,0.27653174603174596,0.30861438923395446
1,1,0.9814884088514225,0.00971153846153846,0.008800052687038989
1,1,0.8606126458633366,0.02624305024412702,0.11314430389253607
1,1,0.9854999999999999,0.0025,0.012
1,1,1.0,0.0,0.0
1,1,0.6149177172091698,0.000673714081194396,0.3844085687096356
3,3,0.16208520147518968,0.04902860529467436,0.7888861932301359
1,1,0.9785564343402621,0.0019847223702585716,0.019458843289479454
1,1,0.6498202948353053,0.011221278984201706,0.33895842618049277
3,1,0.46209343537620234,0.1494410244083213,0.3884655402154763
1,1,0.9848316252828236,1.6233766233766234e-05,0.015152140950942772
1,1,0.9829444444444445,0.00016666666666666666,0.016888888888888887
3,3,0.2749676587606375,0.032869093025020314,0.6921632482143423
1,1,0.8093221160390973,0.006999999999999999,0.18367788396090284
2,1,0.5440722219224675,0.22555697539412756,0.2303708026834049
1,1,0.9365412087912088,0.013079365079365081,0.050379426129426134
2,2,0.04428798730468999,0.6154440176097886,0.34026799508552136
1,1,0.5869800491341153,0.026705289178083905,0.3863146616878007
1,1,0.9608000649069669,0.002452319275238223,0.03674761581779476
1,3,0.44284895938580254,0.02404842381886473,0.5331026167953327
1,1,0.99675,0.00125,0.002
1,1,0.9811428571428571,0.0,0.018857142857142857
1,1,0.9480623973727421,0.007701149425287356,0.04423645320197044
2,3,0.057075399695082824,0.4702143076282514,0.47271029267666587
1,1,0.8186806239010815,0.029043557547703314,0.15227581855121522
1,1,1.0,0.0,0.0
1,1,0.9975,0.0025,0.0
1,1,0.9838888888888888,0.005611111111111111,0.010499999999999999
1,1,0.9021810228113722,0.01782613504309206,0.07999284214553534
1,1,0.9810300055939619,4.161447689366471e-05,0.018928379929144205
3,3,0.21567894322784967,0.007542520731192898,0.7767785360409576
1,1,0.9436026894471925,0.027693608302795044,0.028703702250012487
1,1,0.9608000649069669,0.002452319275238223,0.03674761581779476
1,1,0.7646625795173833,0.007866899151225015,0.22747052133139176
1,1,0.9456418612461647,0.017306348253864602,0.03705179049997057
1,1,0.9157005772005772,0.01092857142857143,0.07337085137085136
1,1,0.9708855131796308,0.0015796703296703297,0.027534816490698843
1,1,0.7206177073584178,0.044789557146968154,0.23459273549461404
1,1,0.8984166666666666,0.012083333333333333,0.0895
1,1,0.9847826086956522,0.0,0.015217391304347827
1,1,0.8340194912892089,0.04040998898129864,0.1255705197294925
3,3,0.09783333333333333,0.057379412461502015,0.8447872542051645
1,1,0.996,0.0,0.004
1,1,0.985925060435133,0.004016806722689076,0.010058132842177967
1,1,0.8839637260811847,0.006084721769292343,0.10995155214952287
3,3,0.0796042340912263,0.08664781125499875,0.833747954653775
3,3,0.1675363652844617,0.0070668340401842935,0.8253968006753538
2,2,0.02248765123765124,0.7735261266511267,0.20398622211122214
1,1,0.8360347482482845,0.056283757069428966,0.10768149468228629
3,3,0.23575963900717817,0.07269971035449073,0.6915406506383311
2,1,0.983,0.0075,0.0095
3,3,0.10548927732587005,0.06620119997363513,0.8283095227004948
1,1,1.0,0.0,0.0
1,1,0.9259219767254057,0.024343294403748047,0.04973472887084632
1,1,0.9599725124706089,0.0050985800719303255,0.03492890745746076
3,3,0.04541807206542001,0.25849532729094155,0.6960866006436384
3,1,0.4967477152477152,0.03380327080327081,0.46944901394901395
1,1,0.9949814834597442,0.0007719082719082719,0.004246608268347398
1,1,1.0,0.0,0.0
1,1,0.9574018445322794,0.007873737373737373,0.03472441809398331
1,1,0.9913435513435513,0.006824616824616824,0.0018318318318318316
1,1,0.8795908301652474,0.05209742453895645,0.06831174529579594
1,1,0.9708729842106419,0.007308712983683827,0.021818302805674063
1,1,1.0,0.0,0.0
3,3,0.4143300664505001,0.020773521799924567,0.5648964117495753
1,1,0.9788717532467532,1.6233766233766234e-05,0.021112012987012988
3,3,0.04962873661823046,0.2737930235959897,0.6765782397857798
3,3,0.026232323232323232,0.06808585858585858,0.905681818181818
1,1,0.7938297347692944,0.021722318507990387,0.1844479467227153
1,1,0.9707142857142859,0.0014285714285714286,0.02785714285714285
1,1,0.9149616044616045,0.009969540969540969,0.07506885456885458
1,1,0.9463086590953859,0.002452319275238223,0.05123902162937586
3,3,0.041222222222222216,0.005010364842454394,0.9537674129353233
1,1,0.984382642478747,4.161447689366471e-05,0.015575743044359531
1,1,0.9810300055939619,4.161447689366471e-05,0.018928379929144205
1,3,0.43322883637304516,0.024129308576745164,0.5426418550502097
1,1,0.946557206023188,0.0026422764227642275,0.050800517554047714
1,1,0.49475124633013073,0.04267579675047903,0.4625729569193902
1,1,0.9848316252828236,1.6233766233766234e-05,0.015152140950942772
1,1,0.9823214285714286,0.005,0.012678571428571428
1,1,1.0,0.0,0.0
1,1,0.9582142857142858,0.005595238095238095,0.03619047619047619
1,1,0.8818053987075725,0.009878599661208357,0.10831600163121902
1,1,0.6159363821257774,0.004983183182302224,0.37908043469192015
1,1,0.8934068686696238,0.02849617657015616,0.07809695476022008
1,1,0.9848316252828236,1.6233766233766234e-05,0.015152140950942772
1,1,0.517397338779797,0.037682270883001086,0.4449203903372021
1,1,0.9848316252828236,1.6233766233766234e-05,0.015152140950942772
1,1,0.9709592650594003,0.0058636946412286475,0.023177040299371003
1,1,0.9757741935483871,0.012645161290322582,0.011580645161290324
1,1,0.9848316252828236,1.6233766233766234e-05,0.015152140950942772
1,1,0.8814170718170719,0.02782763347763348,0.09075529470529471
3,3,0.40913540248383173,0.01788058459922711,0.5729840129169412
1,1,0.9618095238095238,0.01583333333333333,0.022357142857142857
1,1,0.9475,0.011428571428571429,0.04107142857142858
1,1,1.0,0.0,0.0
1,1,1.0,0.0,0.0
1,1,0.9700585585585586,9.009009009009009e-05,0.029851351351351352
1,1,1.0,0.0,0.0
1,1,0.99625,0.0,0.00375
1,1,0.9413363363363364,0.020800085800085796,0.037863577863577864
1,1,1.0,0.0,0.0
1,1,0.9975,0.0,0.0025
1,1,0.9618487478414801,0.0020960558817277597,0.03605519627679224
2,3,0.09244464603614569,0.1922616720395449,0.7152936819243094
1,1,0.7556233873560163,0.00017371408119439615,0.24420289856278896
3,3,0.27717082243189217,0.09030963500971591,0.6325195425583917
1,1,0.7640787918010027,0.01592138752052545,0.21999982067847187
1,1,0.9891388888888889,0.0003333333333333333,0.010527777777777778
1,1,0.9672079021458505,0.0034506507984768853,0.029341447055672466
3,3,0.02152380952380952,0.09627380952380951,0.882202380952381
1,1,0.9835714285714287,0.005714285714285714,0.010714285714285714
1,1,0.880204263153603,0.008556067022370866,0.111239669824026
1,1,0.9952371541501976,0.0015810276679841895,0.003181818181818182
1,3,0.38991442433941415,0.06011061704805816,0.5499749586125277
1,1,0.9525621660621661,0.0012012012012012011,0.04623663273663274
1,1,0.9848316252828236,1.6233766233766234e-05,0.015152140950942772
1,1,0.9648864468864469,0.010163003663003663,0.02495054945054945
1,1,0.9848316252828236,1.6233766233766234e-05,0.015152140950942772
1,1,0.9539508374167286,0.005439311244572675,0.04060985133869867
3,3,0.08088536057668985,0.08642744581450619,0.8326871936088039
3,2,0.23483662312466042,0.514973970063598,0.2501894068117416
1,1,0.9848316252828236,1.6233766233766234e-05,0.015152140950942772
1,1,0.972551163039109,0.009115321341312592,0.018333515619578095
3,3,0.17445451803407255,0.01455808533780196,0.8109873966281255
1,1,0.9576533814173983,0.0041415104271823044,0.03820510815541929
1,1,1.0,0.0,0.0
1,1,1.0,0.0,0.0
1,1,0.9954545454545455,0.0013636363636363635,0.003181818181818182
2,2,0.041907432073902955,0.511481054611883,0.44661151331421417
1,1,0.984382642478747,4.161447689366471e-05,0.015575743044359531
3,3,0.34814402025177893,0.047396825396825396,0.6044591543513959
1,1,0.9848316252828236,1.6233766233766234e-05,0.015152140950942772
3,3,0.02583333333333333,0.01904761904761905,0.9551190476190476
3,3,0.03794783197831978,0.006222222222222223,0.955829945799458
3,3,0.06201470258570525,0.02964376790851329,0.9083415295057816
3,3,0.40119556684891594,0.19741943397941758,0.4013849991716664
1,1,0.953177744272731,0.01704579721070486,0.029776458516564058
1,1,0.9974474474474475,0.0007207207207207207,0.0018318318318318316
1,1,0.9981818181818182,0.0018181818181818182,0.0
3,1,0.4637382606945414,0.1287597831393584,0.40750195616610013
1,1,1.0,0.0,0.0
1,1,0.9180039682539681,0.04263888888888889,0.03935714285714286
2,3,0.13531101692939299,0.22235473052943985,0.642334252541167
2,3,0.28829960317460324,0.028733134920634923,0.6829672619047621
1,1,0.9004621075412296,0.018567221458213833,0.08097067100055678
1,1,0.8718385196998024,0.006690809589157525,0.12147067071104009
1,1,0.88614898989899,0.04666666666666667,0.06718434343434343
1,1,0.9772239013360557,0.004926774483378258,0.01784932418056588
1,1,0.9936703059017405,0.0,0.006329694098259346
1,1,0.9891388888888889,0.0003333333333333333,0.010527777777777778
3,3,0.04082670673447373,0.18916260096271517,0.7700106923028109
3,3,0.23969884818222412,0.29174402497317337,0.4685571268446026
2,3,0.077364252209239,0.24281960673451436,0.6798161410562468
2,2,0.0318197070715221,0.8687924808647521,0.09938781206372578
1,1,0.9808040942728443,0.008220720720720722,0.010975185006435007
1,1,1.0,0.0,0.0
1,1,0.9848316252828236,1.6233766233766234e-05,0.015152140950942772
1,1,0.9848316252828236,1.6233766233766234e-05,0.015152140950942772
3,3,0.08152380952380951,0.13570238095238096,0.7827738095238097
1,1,0.9240758432235812,0.016250901694281762,0.05967325508213714
1,1,0.9549519969278033,0.01013440860215054,0.034913594470046085
3,3,0.20263979829406323,0.16928198173071127,0.6280782199752253
1,1,0.8109408348554714,0.0331120132794348,0.15594715186509386
1,1,0.655213648035184,0.11458343179003261,0.23020292017478347
1,3,0.4308237071212573,0.06922743291614508,0.49994885996259764
1,1,0.895654670436455,0.010240241655149305,0.0941050879083957
3,1,0.9893333333333332,0.009000000000000001,0.0016666666666666666
2,1,0.8203862526362526,0.03146542346542347,0.14814832389832389
3,3,0.4333483915818727,1.6233766233766234e-05,0.5666353746518936
3,3,0.3943484837135871,0.07811323875567838,0.5275382775307345
1,3,0.3090281493868451,0.2075360858947815,0.48343576471837346
1,1,0.8856922112974743,0.05103979500032132,0.06326799370220422
1,1,0.9165049541278261,0.018477710663584657,0.06501733520858943
1,1,1.0,0.0,0.0
1,1,0.9974603174603175,0.0011111111111111111,0.0014285714285714286
1,1,0.779218945362101,0.0662316109961674,0.15454944364173145
1,1,0.9235014558091481,0.003291537522306753,0.07320700666854513
3,3,0.21074096880131366,0.24497312000213597,0.5442859111965505
1,1,0.5997493266370817,0.0067258591748387666,0.39352481418807955
1,1,0.7046387384894124,0.04765010380963104,0.24771115770095664
1,1,0.9920634920634922,0.002857142857142857,0.005079365079365079
1,1,0.9848316252828236,1.6233766233766234e-05,0.015152140950942772
1,1,0.8902863051699258,0.008379870129870131,0.10133382470020401
1,1,0.9346272246272246,0.009407647907647906,0.05596512746512747
2,2,0.1131824358081834,0.5489397877796814,0.33787777641213507
1,1,0.9838316252828235,1.6233766233766234e-05,0.01615214095094277
1,1,0.927716241378786,0.0025844188795389545,0.06969933974167505
1,1,0.96655205811138,0.011346246973365616,0.022101694915254235
3,3,0.15947706377014728,0.08866073555037564,0.7518622006794771
1,1,0.9947180339174321,0.0010793287566742945,0.00420263732589365
1,1,0.6696618341253706,0.020725685511357388,0.309612480363272
1,1,0.9942508535321036,0.0039035910910910914,0.0018455553768053764
3,1,0.6408962791915838,0.048526173533284735,0.31057754727513165
1,1,0.9061555775399779,0.00975080411856555,0.08409361834145637
1,1,1.0,0.0,0.0
1,1,1.0,0.0,0.0
3,1,0.4967477152477152,0.03380327080327081,0.46944901394901395
3,3,0.22507930330139927,1.6233766233766234e-05,0.774904462932367
2,2,0.02629236932972077,0.9189087154749295,0.05479891519534983
3,3,0.13421074505791103,0.006754283317142101,0.8590349716249467
3,3,0.2690188892527082,0.23483679979830938,0.4961443109489821
2,3,0.3451274509803921,0.1749598506069094,0.4799126984126984
1,1,1.0,0.0,0.0
1,1,0.9736765556392135,0.009630141555112399,0.016693302805674066
1,3,0.4320389908336068,0.017414279153917214,0.5505467300124759
3,3,0.13068731881630413,0.40671724051171054,0.4625954406719853
2,1,0.47540635111397295,0.2530787255932145,0.27151492329281246
1,1,0.9848316252828236,1.6233766233766234e-05,0.015152140950942772
1,1,0.98375,0.00375,0.0125
1,1,0.5143022796666918,0.014273826633856235,0.4714238936994519
1,1,0.6163601458601456,0.0034234234234234236,0.3802164307164307
1,1,0.967563492063492,0.009761904761904762,0.022674603174603174
3,3,0.08207882395382395,0.01577020202020202,0.9021509740259741
2,3,0.2246648622447384,0.10507505372164815,0.6702600840336136
1,1,0.6853367346938775,0.04182142857142857,0.27284183673469387
1,1,0.99,0.0,0.01
1,1,0.6297780101451469,0.05931885666618417,0.31090313318866897
1,1,0.991388888888889,0.0012777777777777776,0.007333333333333333
1,1,0.8818053987075725,0.009878599661208357,0.10831600163121902
1,1,0.9853021978021976,0.003928571428571429,0.010769230769230769
1,1,0.9119231562221547,0.03926683035558432,0.04881001342226081
3,3,0.06274993224866711,0.051238774990298254,0.8860112927610346
3,3,0.193118362987431,0.05080480788854362,0.7560768291240251
1,1,0.9813888888888889,0.005,0.013611111111111112
1,1,0.9735561108484725,0.011034566984084107,0.015409322167443324
3,3,0.20204085164672936,0.03186828436980763,0.7660908639834629
1,1,0.9496325657216951,0.0005883340797133901,0.04977910019859167
1,1,0.9054718218773097,0.0006060606060606061,0.09392211751662971
1,1,0.9848316252828236,1.6233766233766234e-05,0.015152140950942772
1,1,0.885171739379507,0.02573363694143877,0.0890946236790541
1,1,0.7317018187285654,0.00017371408119439615,0.2681244671902401
1,1,0.5183960910308276,0.020490066099599472,0.46111384286957297
1,1,0.9815277777777777,0.008,0.010472222222222223
3,3,0.01726168831168831,0.001953030303030303,0.9807852813852814
1,1,0.9463086590953859,0.002452319275238223,0.05123902162937586
1,1,0.9899006332729635,0.0027898550724637676,0.00730951165457249
1,1,0.8880513183883418,0.026611995025389135,0.08533668658626892
1,1,0.8823681955744896,0.01948850901036835,0.09814329541514191
1,1,0.9848316252828236,1.6233766233766234e-05,0.015152140950942772
1,1,0.9992307692307691,0.0,0.0007692307692307692
1,1,1.0,0.0,0.0
3,3,0.044512056656793496,0.10832575757575758,0.847162185767449
3,3,0.09567126855674303,0.04922000954070626,0.8551087219025507
1,1,0.9921760545534132,0.0008516829082866819,0.006972262538300273
2,2,0.034773789522982275,0.6669913956358954,0.2982348148411221
1,1,0.9734778257146679,0.0022222222222222222,0.024299952063109958
1,1,0.9921800239234451,0.002516233766233766,0.005303742310321257
1,1,0.9823316252828236,0.002516233766233766,0.015152140950942772
3,3,0.3039189050609785,0.030656683859414044,0.6654244110796076
1,1,0.9817733949496618,0.004834337349397591,0.01339226770094075
2,3,0.12357441966410937,0.19980398806868233,0.6766215922672083
1,1,0.9770686529369571,0.001587508196700428,0.021343838866342276
1,1,0.8990272761213602,0.0025755241036780597,0.09839719977496171
1,1,0.9810300055939619,4.161447689366471e-05,0.018928379929144205
1,1,0.9348500406542202,0.003415032679738562,0.06173492666604122
1,1,0.927716241378786,0.0025844188795389545,0.06969933974167505
1,1,0.9372751615449384,0.026628391933269983,0.0360964465217916
3,1,0.5284591843954438,0.02613093963950538,0.44540987596505077
1,1,1.0,0.0,0.0
1,1,0.95997928267874,0.0033618395493395493,0.03665887777192031
